date,season,home_team,away_team,result,bet_on,prob_model,odd,value,won,stake_flat,pl_flat,bankroll_flat,stake_kelly,pl_kelly,bankroll_kelly
,2025,Grêmio FBPA,CA Mineiro,H,,,,,,0.0,0.0,1000.0,0.0,0.0,1000.0
,2025,Cruzeiro EC,Mirassol FC,H,,,,,,0.0,0.0,1000.0,0.0,0.0,1000.0
,2025,CR Flamengo,SC Internacional,D,,,,,,0.0,0.0,1000.0,0.0,0.0,1000.0
,2025,SE Palmeiras,Botafogo FR,D,,,,,,0.0,0.0,1000.0,0.0,0.0,1000.0
,2025,CR Vasco da Gama,Santos FC,H,,,,,,0.0,0.0,1000.0,0.0,0.0,1000.0
,2025,EC Bahia,SC Corinthians Paulista,D,H,0.625,1.8,1.126,False,20.0,-20.0,980.0,31.44,-31.44,968.56
,2025,SC Corinthians Paulista,CR Vasco da Gama,H,H,0.7,1.58,1.107,True,19.6,11.37,991.37,35.6,20.65,989.21
,2025,CA Mineiro,São Paulo FC,D,H,0.683,2.02,1.38,False,19.83,-19.83,971.54,49.46,-49.46,939.75
,2025,Fluminense FC,RB Bragantino,H,,,,,,0.0,0.0,971.54,0.0,0.0,939.75
,2025,SC Internacional,Cruzeiro EC,H,H,0.77,1.62,1.247,True,19.43,12.05,983.59,46.99,29.13,968.88
,2025,EC Vitória,CR Flamengo,A,,,,,,0.0,0.0,983.59,0.0,0.0,968.88
,2025,Santos FC,EC Bahia,D,H,0.647,2.11,1.365,False,19.67,-19.67,963.92,48.44,-48.44,920.44
,2025,RB Bragantino,Botafogo FR,H,,,,,,0.0,0.0,963.92,0.0,0.0,920.44
,2025,SE Palmeiras,SC Corinthians Paulista,H,,,,,,0.0,0.0,963.92,0.0,0.0,920.44
,2025,EC Bahia,Mirassol FC,D,,,,,,0.0,0.0,963.92,0.0,0.0,920.44
,2025,São Paulo FC,Cruzeiro EC,D,,,,,,0.0,0.0,963.92,0.0,0.0,920.44
,2025,Grêmio FBPA,CR Flamengo,A,,,,,,0.0,0.0,963.92,0.0,0.0,920.44
,2025,Fluminense FC,Santos FC,H,H,0.678,1.81,1.227,True,19.28,15.62,979.53,46.02,37.28,957.72
,2025,CA Mineiro,EC Vitória,D,,,,,,0.0,0.0,979.53,0.0,0.0,957.72
,2025,Botafogo FR,São Paulo FC,D,H,0.605,1.85,1.119,False,19.59,-19.59,959.94,26.8,-26.8,930.92
,2025,Mirassol FC,Grêmio FBPA,H,,,,,,0.0,0.0,959.94,0.0,0.0,930.92
,2025,SC Corinthians Paulista,Fluminense FC,A,,,,,,0.0,0.0,959.94,0.0,0.0,930.92
,2025,SC Internacional,SE Palmeiras,A,,,,,,0.0,0.0,959.94,0.0,0.0,930.92
,2025,Santos FC,CA Mineiro,H,,,,,,0.0,0.0,959.94,0.0,0.0,930.92
,2025,Cruzeiro EC,EC Bahia,H,,,,,,0.0,0.0,959.94,0.0,0.0,930.92
,2025,CR Vasco da Gama,CR Flamengo,D,,,,,,0.0,0.0,959.94,0.0,0.0,930.92
,2025,Grêmio FBPA,SC Internacional,D,,,,,,0.0,0.0,959.94,0.0,0.0,930.92
,2025,São Paulo FC,Santos FC,H,H,0.678,2.38,1.614,True,19.2,26.49,986.44,46.55,64.23,995.15
,2025,CA Mineiro,Botafogo FR,H,H,0.561,2.24,1.257,True,19.73,24.46,1010.9,41.3,51.21,1046.36
,2025,Fluminense FC,EC Vitória,D,H,0.716,1.68,1.203,False,20.22,-20.22,990.68,52.32,-52.32,994.04
,2025,RB Bragantino,Cruzeiro EC,H,,,,,,0.0,0.0,990.68,0.0,0.0,994.04
,2025,Mirassol FC,CA Mineiro,D,,,,,,0.0,0.0,990.68,0.0,0.0,994.04
,2025,Botafogo FR,Fluminense FC,H,,,,,,0.0,0.0,990.68,0.0,0.0,994.04
,2025,CR Flamengo,SC Corinthians Paulista,H,,,,,,0.0,0.0,990.68,0.0,0.0,994.04
,2025,SE Palmeiras,EC Bahia,A,,,,,,0.0,0.0,990.68,0.0,0.0,994.04
,2025,Cruzeiro EC,CR Vasco da Gama,H,,,,,,0.0,0.0,990.68,0.0,0.0,994.04
,2025,EC Vitória,Grêmio FBPA,D,,,,,,0.0,0.0,990.68,0.0,0.0,994.04
,2025,Santos FC,RB Bragantino,A,,,,,,0.0,0.0,990.68,0.0,0.0,994.04
,2025,SC Corinthians Paulista,SC Internacional,H,,,,,,0.0,0.0,990.68,0.0,0.0,994.04
,2025,EC Bahia,Botafogo FR,H,,,,,,0.0,0.0,990.68,0.0,0.0,994.04
,2025,CR Vasco da Gama,SE Palmeiras,A,A,0.846,1.61,1.362,True,19.81,12.09,1002.77,49.7,30.32,1024.36
,2025,Grêmio FBPA,Santos FC,H,,,,,,0.0,0.0,1002.77,0.0,0.0,1024.36
,2025,Cruzeiro EC,CR Flamengo,H,,,,,,0.0,0.0,1002.77,0.0,0.0,1024.36
,2025,RB Bragantino,Mirassol FC,H,,,,,,0.0,0.0,1002.77,0.0,0.0,1024.36
,2025,EC Vitória,CR Vasco da Gama,H,H,0.552,1.98,1.094,True,20.06,19.65,1022.42,19.63,19.23,1043.59
,2025,Mirassol FC,SC Corinthians Paulista,H,,,,,,0.0,0.0,1022.42,0.0,0.0,1043.59
,2025,Grêmio FBPA,RB Bragantino,D,,,,,,0.0,0.0,1022.42,0.0,0.0,1043.59
,2025,CR Flamengo,EC Bahia,H,,,,,,0.0,0.0,1022.42,0.0,0.0,1043.59
,2025,SE Palmeiras,São Paulo FC,H,,,,,,0.0,0.0,1022.42,0.0,0.0,1043.59
,2025,CA Mineiro,Fluminense FC,H,,,,,,0.0,0.0,1022.42,0.0,0.0,1043.59
,2025,Botafogo FR,SC Internacional,H,,,,,,0.0,0.0,1022.42,0.0,0.0,1043.59
,2025,São Paulo FC,Grêmio FBPA,H,,,,,,0.0,0.0,1022.42,0.0,0.0,1043.59
,2025,SC Corinthians Paulista,Santos FC,H,H,0.596,2.17,1.292,True,20.45,23.92,1046.35,52.13,61.0,1104.59
,2025,EC Bahia,EC Vitória,H,,,,,,0.0,0.0,1046.35,0.0,0.0,1104.59
,2025,RB Bragantino,SE Palmeiras,A,,,,,,0.0,0.0,1046.35,0.0,0.0,1104.59
,2025,CR Flamengo,Botafogo FR,D,,,,,,0.0,0.0,1046.35,0.0,0.0,1104.59
,2025,Cruzeiro EC,CA Mineiro,D,,,,,,0.0,0.0,1046.35,0.0,0.0,1104.59
,2025,SC Internacional,Mirassol FC,D,,,,,,0.0,0.0,1046.35,0.0,0.0,1104.59
,2025,Fluminense FC,CR Vasco da Gama,H,,,,,,0.0,0.0,1046.35,0.0,0.0,1104.59
,2025,São Paulo FC,Mirassol FC,A,,,,,,0.0,0.0,1046.35,0.0,0.0,1104.59
,2025,CA Mineiro,SC Corinthians Paulista,D,,,,,,0.0,0.0,1046.35,0.0,0.0,1104.59
,2025,Grêmio FBPA,EC Bahia,H,,,,,,0.0,0.0,1046.35,0.0,0.0,1104.59
,2025,SE Palmeiras,CR Flamengo,A,,,,,,0.0,0.0,1046.35,0.0,0.0,1104.59
,2025,EC Vitória,Santos FC,A,,,,,,0.0,0.0,1046.35,0.0,0.0,1104.59
,2025,EC Bahia,São Paulo FC,H,,,,,,0.0,0.0,1046.35,0.0,0.0,1104.59
,2025,CR Vasco da Gama,RB Bragantino,A,,,,,,0.0,0.0,1046.35,0.0,0.0,1104.59
,2025,Santos FC,Botafogo FR,A,H,0.561,2.14,1.201,False,20.93,-20.93,1025.42,38.98,-38.98,1065.61
,2025,SC Corinthians Paulista,EC Vitória,D,,,,,,0.0,0.0,1025.42,0.0,0.0,1065.61
,2025,Cruzeiro EC,SE Palmeiras,H,,,,,,0.0,0.0,1025.42,0.0,0.0,1065.61
,2025,SC Internacional,Fluminense FC,A,,,,,,0.0,0.0,1025.42,0.0,0.0,1065.61
,2025,EC Vitória,Cruzeiro EC,D,,,,,,0.0,0.0,1025.42,0.0,0.0,1065.61
,2025,RB Bragantino,EC Bahia,A,,,,,,0.0,0.0,1025.42,0.0,0.0,1065.61
,2025,Grêmio FBPA,SC Corinthians Paulista,D,H,0.562,2.38,1.337,False,20.51,-20.51,1004.91,51.97,-51.97,1013.64
,2025,São Paulo FC,CR Vasco da Gama,A,H,0.587,1.9,1.115,False,20.1,-20.1,984.81,25.8,-25.8,987.84
,2025,CA Mineiro,SC Internacional,H,H,0.627,1.91,1.197,True,19.7,17.92,1002.74,42.76,38.91,1026.75
,2025,CR Flamengo,São Paulo FC,H,,,,,,0.0,0.0,1002.74,0.0,0.0,1026.75
,2025,SC Internacional,EC Vitória,H,,,,,,0.0,0.0,1002.74,0.0,0.0,1026.75
,2025,CR Vasco da Gama,Botafogo FR,A,,,,,,0.0,0.0,1002.74,0.0,0.0,1026.75
,2025,EC Bahia,CA Mineiro,H,H,0.596,2.13,1.268,True,20.05,22.66,1025.4,48.78,55.12,1081.87
,2025,SC Corinthians Paulista,RB Bragantino,A,,,,,,0.0,0.0,1025.4,0.0,0.0,1081.87
,2025,Cruzeiro EC,Grêmio FBPA,H,,,,,,0.0,0.0,1025.4,0.0,0.0,1081.87
,2025,SE Palmeiras,Mirassol FC,D,,,,,,0.0,0.0,1025.4,0.0,0.0,1081.87
,2025,Santos FC,CR Flamengo,H,,,,,,0.0,0.0,1025.4,0.0,0.0,1081.87
,2025,Botafogo FR,EC Vitória,D,,,,,,0.0,0.0,1025.4,0.0,0.0,1081.87
,2025,RB Bragantino,São Paulo FC,D,,,,,,0.0,0.0,1025.4,0.0,0.0,1081.87
,2025,Fluminense FC,Cruzeiro EC,A,,,,,,0.0,0.0,1025.4,0.0,0.0,1081.87
,2025,CR Vasco da Gama,Grêmio FBPA,D,,,,,,0.0,0.0,1025.4,0.0,0.0,1081.87
,2025,Mirassol FC,Santos FC,H,,,,,,0.0,0.0,1025.4,0.0,0.0,1081.87
,2025,São Paulo FC,SC Corinthians Paulista,H,,,,,,0.0,0.0,1025.4,0.0,0.0,1081.87
,2025,EC Vitória,RB Bragantino,H,,,,,,0.0,0.0,1025.4,0.0,0.0,1081.87
,2025,SE Palmeiras,CA Mineiro,H,,,,,,0.0,0.0,1025.4,0.0,0.0,1081.87
,2025,CR Flamengo,Fluminense FC,H,H,0.614,1.76,1.081,True,20.51,15.59,1040.98,23.07,17.53,1099.4
,2025,Fluminense FC,SE Palmeiras,A,,,,,,0.0,0.0,1040.98,0.0,0.0,1099.4
,2025,SC Corinthians Paulista,Cruzeiro EC,D,,,,,,0.0,0.0,1040.98,0.0,0.0,1099.4
,2025,Santos FC,SC Internacional,A,,,,,,0.0,0.0,1040.98,0.0,0.0,1099.4
,2025,RB Bragantino,CR Flamengo,A,,,,,,0.0,0.0,1040.98,0.0,0.0,1099.4
,2025,Mirassol FC,EC Vitória,D,,,,,,0.0,0.0,1040.98,0.0,0.0,1099.4
,2025,Botafogo FR,SC Corinthians Paulista,D,H,0.721,1.63,1.174,False,20.82,-20.82,1020.16,54.97,-54.97,1044.43
,2025,SE Palmeiras,Grêmio FBPA,H,,,,,,0.0,0.0,1020.16,0.0,0.0,1044.43
,2025,São Paulo FC,Fluminense FC,H,,,,,,0.0,0.0,1020.16,0.0,0.0,1044.43
,2025,SC Internacional,CR Vasco da Gama,D,,,,,,0.0,0.0,1020.16,0.0,0.0,1044.43
,2025,CR Flamengo,CA Mineiro,H,,,,,,0.0,0.0,1020.16,0.0,0.0,1044.43
,2025,Mirassol FC,CR Vasco da Gama,H,,,,,,0.0,0.0,1020.16,0.0,0.0,1044.43
,2025,Fluminense FC,Grêmio FBPA,H,,,,,,0.0,0.0,1020.16,0.0,0.0,1044.43
,2025,Botafogo FR,Cruzeiro EC,A,,,,,,0.0,0.0,1020.16,0.0,0.0,1044.43
,2025,CA Mineiro,RB Bragantino,H,H,0.596,1.94,1.155,True,20.4,19.18,1039.34,34.51,32.44,1076.86
,2025,EC Vitória,SE Palmeiras,D,,,,,,0.0,0.0,1039.34,0.0,0.0,1076.86
,2025,SC Internacional,São Paulo FC,A,,,,,,0.0,0.0,1039.34,0.0,0.0,1076.86
,2025,CR Flamengo,Mirassol FC,H,,,,,,0.0,0.0,1039.34,0.0,0.0,1076.86
,2025,São Paulo FC,EC Vitória,H,,,,,,0.0,0.0,1039.34,0.0,0.0,1076.86
,2025,RB Bragantino,SC Internacional,A,,,,,,0.0,0.0,1039.34,0.0,0.0,1076.86
,2025,EC Bahia,Fluminense FC,D,,,,,,0.0,0.0,1039.34,0.0,0.0,1076.86
,2025,CR Vasco da Gama,CA Mineiro,D,,,,,,0.0,0.0,1039.34,0.0,0.0,1076.86
,2025,Cruzeiro EC,Santos FC,A,,,,,,0.0,0.0,1039.34,0.0,0.0,1076.86
,2025,SC Corinthians Paulista,EC Bahia,A,,,,,,0.0,0.0,1039.34,0.0,0.0,1076.86
,2025,CA Mineiro,Grêmio FBPA,A,,,,,,0.0,0.0,1039.34,0.0,0.0,1076.86
,2025,Santos FC,CR Vasco da Gama,A,,,,,,0.0,0.0,1039.34,0.0,0.0,1076.86
,2025,SC Internacional,CR Flamengo,A,A,0.607,2.09,1.268,True,20.79,22.66,1062.0,53.04,57.81,1134.67
,2025,Botafogo FR,SE Palmeiras,A,,,,,,0.0,0.0,1062.0,0.0,0.0,1134.67
,2025,Mirassol FC,Cruzeiro EC,D,,,,,,0.0,0.0,1062.0,0.0,0.0,1134.67
,2025,RB Bragantino,Fluminense FC,H,,,,,,0.0,0.0,1062.0,0.0,0.0,1134.67
,2025,Cruzeiro EC,SC Internacional,H,,,,,,0.0,0.0,1062.0,0.0,0.0,1134.67
,2025,CR Vasco da Gama,SC Corinthians Paulista,A,,,,,,0.0,0.0,1062.0,0.0,0.0,1134.67
,2025,EC Bahia,Santos FC,H,,,,,,0.0,0.0,1062.0,0.0,0.0,1134.67
,2025,São Paulo FC,CA Mineiro,H,H,0.678,1.76,1.194,True,21.24,16.14,1078.14,56.73,43.12,1177.79
,2025,CR Flamengo,EC Vitória,H,,,,,,0.0,0.0,1078.14,0.0,0.0,1177.79
,2025,Botafogo FR,RB Bragantino,H,,,,,,0.0,0.0,1078.14,0.0,0.0,1177.79
,2025,Cruzeiro EC,São Paulo FC,H,,,,,,0.0,0.0,1078.14,0.0,0.0,1177.79
,2025,CR Flamengo,Grêmio FBPA,D,,,,,,0.0,0.0,1078.14,0.0,0.0,1177.79
,2025,Santos FC,Fluminense FC,D,H,0.587,2.47,1.449,False,21.56,-21.56,1056.58,58.89,-58.89,1118.9
,2025,EC Vitória,CA Mineiro,H,,,,,,0.0,0.0,1056.58,0.0,0.0,1118.9
,2025,SC Corinthians Paulista,SE Palmeiras,D,,,,,,0.0,0.0,1056.58,0.0,0.0,1118.9
,2025,Mirassol FC,EC Bahia,H,,,,,,0.0,0.0,1056.58,0.0,0.0,1118.9
,2025,Grêmio FBPA,Mirassol FC,A,,,,,,0.0,0.0,1056.58,0.0,0.0,1118.9
,2025,SE Palmeiras,SC Internacional,H,,,,,,0.0,0.0,1056.58,0.0,0.0,1118.9
,2025,Fluminense FC,SC Corinthians Paulista,A,,,,,,0.0,0.0,1056.58,0.0,0.0,1118.9
,2025,CA Mineiro,Santos FC,D,,,,,,0.0,0.0,1056.58,0.0,0.0,1118.9
,2025,São Paulo FC,Botafogo FR,H,H,0.627,2.39,1.498,True,21.13,29.37,1085.95,55.94,77.76,1196.66
,2025,EC Bahia,Cruzeiro EC,A,,,,,,0.0,0.0,1085.95,0.0,0.0,1196.66
,2025,Botafogo FR,Mirassol FC,D,,,,,,0.0,0.0,1085.95,0.0,0.0,1196.66
,2025,EC Vitória,Fluminense FC,A,,,,,,0.0,0.0,1085.95,0.0,0.0,1196.66
,2025,Botafogo FR,CA Mineiro,H,H,0.657,1.78,1.17,True,21.72,16.94,1102.89,52.21,40.73,1237.39
,2025,CR Flamengo,CR Vasco da Gama,D,,,,,,0.0,0.0,1102.89,0.0,0.0,1237.39
,2025,SC Internacional,Grêmio FBPA,A,H,0.599,1.89,1.133,False,22.06,-22.06,1080.84,36.88,-36.88,1200.51
,2025,Santos FC,São Paulo FC,H,H,0.561,2.51,1.409,True,21.62,32.64,1113.48,60.03,90.64,1291.15
,2025,Cruzeiro EC,RB Bragantino,H,,,,,,0.0,0.0,1113.48,0.0,0.0,1291.15
,2025,CR Vasco da Gama,EC Bahia,H,H,0.581,2.35,1.365,True,22.27,30.06,1143.54,64.56,87.15,1378.31
,2025,Grêmio FBPA,Botafogo FR,D,,,,,,0.0,0.0,1143.54,0.0,0.0,1378.31
,2025,CR Vasco da Gama,Cruzeiro EC,H,,,,,,0.0,0.0,1143.54,0.0,0.0,1378.31
,2025,CA Mineiro,Mirassol FC,H,H,0.561,2.13,1.196,True,22.87,25.84,1169.39,47.7,53.91,1432.21
,2025,Grêmio FBPA,EC Vitória,H,,,,,,0.0,0.0,1169.39,0.0,0.0,1432.21
,2025,Fluminense FC,Botafogo FR,H,,,,,,0.0,0.0,1169.39,0.0,0.0,1432.21
,2025,EC Bahia,SE Palmeiras,H,,,,,,0.0,0.0,1169.39,0.0,0.0,1432.21
,2025,RB Bragantino,Santos FC,D,,,,,,0.0,0.0,1169.39,0.0,0.0,1432.21
,2025,SC Corinthians Paulista,CR Flamengo,A,,,,,,0.0,0.0,1169.39,0.0,0.0,1432.21
,2025,SE Palmeiras,CR Vasco da Gama,H,,,,,,0.0,0.0,1169.39,0.0,0.0,1432.21
,2025,Mirassol FC,RB Bragantino,D,,,,,,0.0,0.0,1169.39,0.0,0.0,1432.21
,2025,SC Internacional,SC Corinthians Paulista,D,H,0.596,2.03,1.209,False,23.39,-23.39,1146.0,58.09,-58.09,1374.12
,2025,Botafogo FR,EC Bahia,H,,,,,,0.0,0.0,1146.0,0.0,0.0,1374.12
,2025,Santos FC,Grêmio FBPA,D,,,,,,0.0,0.0,1146.0,0.0,0.0,1374.12
,2025,CR Flamengo,Cruzeiro EC,D,,,,,,0.0,0.0,1146.0,0.0,0.0,1374.12
,2025,Fluminense FC,CA Mineiro,H,,,,,,0.0,0.0,1146.0,0.0,0.0,1374.12
,2025,RB Bragantino,Grêmio FBPA,H,H,0.596,1.9,1.131,True,22.92,20.63,1166.63,40.14,36.13,1410.25
,2025,SC Internacional,Botafogo FR,H,,,,,,0.0,0.0,1166.63,0.0,0.0,1410.25
,2025,SC Corinthians Paulista,Mirassol FC,H,,,,,,0.0,0.0,1166.63,0.0,0.0,1410.25
,2025,CR Vasco da Gama,EC Vitória,H,,,,,,0.0,0.0,1166.63,0.0,0.0,1410.25
,2025,São Paulo FC,SE Palmeiras,A,,,,,,0.0,0.0,1166.63,0.0,0.0,1410.25
,2025,EC Bahia,CR Flamengo,H,,,,,,0.0,0.0,1166.63,0.0,0.0,1410.25
,2025,Mirassol FC,Fluminense FC,H,,,,,,0.0,0.0,1166.63,0.0,0.0,1410.25
,2025,SE Palmeiras,RB Bragantino,H,,,,,,0.0,0.0,1166.63,0.0,0.0,1410.25
,2025,Botafogo FR,CR Flamengo,A,,,,,,0.0,0.0,1166.63,0.0,0.0,1410.25
,2025,Mirassol FC,SC Internacional,H,,,,,,0.0,0.0,1166.63,0.0,0.0,1410.25
,2025,CA Mineiro,Cruzeiro EC,D,,,,,,0.0,0.0,1166.63,0.0,0.0,1410.25
,2025,Santos FC,SC Corinthians Paulista,H,,,,,,0.0,0.0,1166.63,0.0,0.0,1410.25
,2025,Grêmio FBPA,São Paulo FC,H,,,,,,0.0,0.0,1166.63,0.0,0.0,1410.25
,2025,EC Vitória,EC Bahia,H,,,,,,0.0,0.0,1166.63,0.0,0.0,1410.25
,2025,SC Corinthians Paulista,CA Mineiro,H,,,,,,0.0,0.0,1166.63,0.0,0.0,1410.25
,2025,CR Flamengo,SE Palmeiras,H,,,,,,0.0,0.0,1166.63,0.0,0.0,1410.25
,2025,Mirassol FC,São Paulo FC,H,,,,,,0.0,0.0,1166.63,0.0,0.0,1410.25
,2025,EC Bahia,Grêmio FBPA,H,,,,,,0.0,0.0,1166.63,0.0,0.0,1410.25
,2025,CR Vasco da Gama,Fluminense FC,H,,,,,,0.0,0.0,1166.63,0.0,0.0,1410.25
,2025,Santos FC,EC Vitória,A,,,,,,0.0,0.0,1166.63,0.0,0.0,1410.25
,2025,EC Bahia,SC Internacional,H,,,,,,0.0,0.0,1166.63,0.0,0.0,1410.25
,2025,EC Vitória,SC Corinthians Paulista,A,,,,,,0.0,0.0,1166.63,0.0,0.0,1410.25
,2025,Fluminense FC,SC Internacional,H,H,0.596,1.85,1.102,True,23.33,19.83,1186.46,33.74,28.68,1438.93
,2025,São Paulo FC,EC Bahia,H,H,0.562,1.93,1.084,True,23.73,22.07,1208.53,25.94,24.12,1463.05
,2025,Botafogo FR,Santos FC,D,,,,,,0.0,0.0,1208.53,0.0,0.0,1463.05
,2025,RB Bragantino,CR Vasco da Gama,A,,,,,,0.0,0.0,1208.53,0.0,0.0,1463.05
,2025,SE Palmeiras,Cruzeiro EC,D,,,,,,0.0,0.0,1208.53,0.0,0.0,1463.05
,2025,Cruzeiro EC,EC Vitória,H,,,,,,0.0,0.0,1208.53,0.0,0.0,1463.05
,2025,Mirassol FC,Botafogo FR,D,,,,,,0.0,0.0,1208.53,0.0,0.0,1463.05
,2025,SC Corinthians Paulista,Grêmio FBPA,H,,,,,,0.0,0.0,1208.53,0.0,0.0,1463.05
,2025,EC Bahia,RB Bragantino,H,,,,,,0.0,0.0,1208.53,0.0,0.0,1463.05
,2025,SC Internacional,CA Mineiro,D,,,,,,0.0,0.0,1208.53,0.0,0.0,1463.05
,2025,CR Vasco da Gama,São Paulo FC,A,,,,,,0.0,0.0,1208.53,0.0,0.0,1463.05
,2025,RB Bragantino,SC Corinthians Paulista,H,,,,,,0.0,0.0,1208.53,0.0,0.0,1463.05
,2025,EC Vitória,SC Internacional,H,,,,,,0.0,0.0,1208.53,0.0,0.0,1463.05
,2025,Botafogo FR,CR Vasco da Gama,H,,,,,,0.0,0.0,1208.53,0.0,0.0,1463.05
,2025,CA Mineiro,EC Bahia,H,H,0.561,2.11,1.184,True,24.17,26.83,1235.36,48.59,53.94,1516.99
,2025,Grêmio FBPA,Cruzeiro EC,A,,,,,,0.0,0.0,1235.36,0.0,0.0,1516.99
,2025,São Paulo FC,CR Flamengo,D,,,,,,0.0,0.0,1235.36,0.0,0.0,1516.99
,2025,Fluminense FC,Mirassol FC,H,,,,,,0.0,0.0,1235.36,0.0,0.0,1516.99
,2025,SE Palmeiras,Santos FC,H,,,,,,0.0,0.0,1235.36,0.0,0.0,1516.99
,2025,SC Internacional,EC Bahia,D,,,,,,0.0,0.0,1235.36,0.0,0.0,1516.99
,2025,São Paulo FC,RB Bragantino,A,,,,,,0.0,0.0,1235.36,0.0,0.0,1516.99
,2025,Cruzeiro EC,Fluminense FC,D,,,,,,0.0,0.0,1235.36,0.0,0.0,1516.99
,2025,EC Vitória,Botafogo FR,D,,,,,,0.0,0.0,1235.36,0.0,0.0,1516.99
,2025,CR Flamengo,Santos FC,H,,,,,,0.0,0.0,1235.36,0.0,0.0,1516.99
,2025,Mirassol FC,SE Palmeiras,H,,,,,,0.0,0.0,1235.36,0.0,0.0,1516.99
,2025,Santos FC,SE Palmeiras,H,,,,,,0.0,0.0,1235.36,0.0,0.0,1516.99
,2025,RB Bragantino,CA Mineiro,H,,,,,,0.0,0.0,1235.36,0.0,0.0,1516.99
,2025,SE Palmeiras,EC Vitória,D,,,,,,0.0,0.0,1235.36,0.0,0.0,1516.99
,2025,Santos FC,Mirassol FC,D,,,,,,0.0,0.0,1235.36,0.0,0.0,1516.99
,2025,Grêmio FBPA,CR Vasco da Gama,H,,,,,,0.0,0.0,1235.36,0.0,0.0,1516.99
,2025,Fluminense FC,CR Flamengo,H,,,,,,0.0,0.0,1235.36,0.0,0.0,1516.99
,2025,SC Corinthians Paulista,São Paulo FC,H,,,,,,0.0,0.0,1235.36,0.0,0.0,1516.99
,2025,Botafogo FR,Grêmio FBPA,H,,,,,,0.0,0.0,1235.36,0.0,0.0,1516.99
,2025,SE Palmeiras,Fluminense FC,D,,,,,,0.0,0.0,1235.36,0.0,0.0,1516.99
,2025,CR Flamengo,RB Bragantino,H,,,,,,0.0,0.0,1235.36,0.0,0.0,1516.99
,2025,EC Bahia,CR Vasco da Gama,H,,,,,,0.0,0.0,1235.36,0.0,0.0,1516.99
,2025,Cruzeiro EC,SC Corinthians Paulista,H,,,,,,0.0,0.0,1235.36,0.0,0.0,1516.99
,2025,SC Internacional,Santos FC,D,H,0.561,1.95,1.095,False,24.71,-24.71,1210.65,30.19,-30.19,1486.8
,2025,CA Mineiro,CR Flamengo,D,,,,,,0.0,0.0,1210.65,0.0,0.0,1486.8
,2025,Grêmio FBPA,SE Palmeiras,H,,,,,,0.0,0.0,1210.65,0.0,0.0,1486.8
,2025,Fluminense FC,São Paulo FC,H,,,,,,0.0,0.0,1210.65,0.0,0.0,1486.8
,2025,CR Vasco da Gama,SC Internacional,H,,,,,,0.0,0.0,1210.65,0.0,0.0,1486.8
,2025,EC Vitória,Mirassol FC,H,,,,,,0.0,0.0,1210.65,0.0,0.0,1486.8
,2025,SC Corinthians Paulista,Botafogo FR,D,H,0.561,2.14,1.201,False,24.21,-24.21,1186.44,52.47,-52.47,1434.33
,2025,CR Vasco da Gama,Mirassol FC,A,,,,,,0.0,0.0,1186.44,0.0,0.0,1434.33
,2025,Grêmio FBPA,Fluminense FC,A,,,,,,0.0,0.0,1186.44,0.0,0.0,1434.33
,2025,RB Bragantino,EC Vitória,H,,,,,,0.0,0.0,1186.44,0.0,0.0,1434.33
,2025,São Paulo FC,SC Internacional,H,H,0.587,2.58,1.513,True,23.73,37.49,1223.93,71.72,113.31,1547.64
,2025,CA Mineiro,SE Palmeiras,A,,,,,,0.0,0.0,1223.93,0.0,0.0,1547.64
,2025,Cruzeiro EC,Botafogo FR,D,,,,,,0.0,0.0,1223.93,0.0,0.0,1547.64
,2025,Mirassol FC,CR Flamengo,D,,,,,,0.0,0.0,1223.93,0.0,0.0,1547.64
,2025,SC Internacional,RB Bragantino,H,,,,,,0.0,0.0,1223.93,0.0,0.0,1547.64
,2025,CA Mineiro,CR Vasco da Gama,H,,,,,,0.0,0.0,1223.93,0.0,0.0,1547.64
,2025,EC Vitória,São Paulo FC,H,,,,,,0.0,0.0,1223.93,0.0,0.0,1547.64
,2025,Fluminense FC,EC Bahia,H,,,,,,0.0,0.0,1223.93,0.0,0.0,1547.64
,2025,Santos FC,Cruzeiro EC,H,,,,,,0.0,0.0,1223.93,0.0,0.0,1547.64
,2026,CA Mineiro,SE Palmeiras,D,,,,,,0.0,0.0,1223.93,0.0,0.0,1547.64
,2026,Coritiba FBC,RB Bragantino,A,,,,,,0.0,0.0,1223.93,0.0,0.0,1547.64
,2026,SC Internacional,CA Paranaense,A,,,,,,0.0,0.0,1223.93,0.0,0.0,1547.64
,2026,EC Vitória,Clube do Remo,H,,,,,,0.0,0.0,1223.93,0.0,0.0,1547.64
,2026,Fluminense FC,Grêmio FBPA,H,H,0.683,1.59,1.086,True,24.48,14.44,1238.37,45.15,26.64,1574.28
,2026,Chapecoense AF,Santos FC,H,,,,,,0.0,0.0,1238.37,0.0,0.0,1574.28
,2026,SC Corinthians Paulista,EC Bahia,A,H,0.647,2.21,1.43,False,24.77,-24.77,1213.6,78.71,-78.71,1495.57
,2026,São Paulo FC,CR Flamengo,H,,,,,,0.0,0.0,1213.6,0.0,0.0,1495.57
,2026,Mirassol FC,CR Vasco da Gama,H,,,,,,0.0,0.0,1213.6,0.0,0.0,1495.57
,2026,Botafogo FR,Cruzeiro EC,H,,,,,,0.0,0.0,1213.6,0.0,0.0,1495.57
,2026,RB Bragantino,CA Mineiro,H,,,,,,0.0,0.0,1213.6,0.0,0.0,1495.57
,2026,CR Flamengo,SC Internacional,D,,,,,,0.0,0.0,1213.6,0.0,0.0,1495.57
,2026,Clube do Remo,Mirassol FC,D,H,0.562,2.97,1.668,False,24.27,-24.27,1189.33,74.78,-74.78,1420.79
,2026,Santos FC,São Paulo FC,D,H,0.599,2.21,1.324,False,23.79,-23.79,1165.54,71.04,-71.04,1349.75
,2026,Grêmio FBPA,Botafogo FR,H,H,0.616,2.28,1.404,True,23.31,29.84,1195.38,67.49,86.38,1436.13
,2026,SE Palmeiras,EC Vitória,H,,,,,,0.0,0.0,1195.38,0.0,0.0,1436.13
,2026,EC Bahia,Fluminense FC,D,,,,,,0.0,0.0,1195.38,0.0,0.0,1436.13
,2026,CR Vasco da Gama,Chapecoense AF,D,,,,,,0.0,0.0,1195.38,0.0,0.0,1436.13
,2026,Cruzeiro EC,Coritiba FBC,A,,,,,,0.0,0.0,1195.38,0.0,0.0,1436.13
,2026,EC Vitória,CR Flamengo,A,,,,,,0.0,0.0,1195.38,0.0,0.0,1436.13
,2026,Mirassol FC,Cruzeiro EC,D,,,,,,0.0,0.0,1195.38,0.0,0.0,1436.13
,2026,Chapecoense AF,Coritiba FBC,D,,,,,,0.0,0.0,1195.38,0.0,0.0,1436.13
,2026,CA Mineiro,Clube do Remo,D,,,,,,0.0,0.0,1195.38,0.0,0.0,1436.13
,2026,São Paulo FC,Grêmio FBPA,H,,,,,,0.0,0.0,1195.38,0.0,0.0,1436.13
,2026,CR Vasco da Gama,EC Bahia,A,,,,,,0.0,0.0,1195.38,0.0,0.0,1436.13
,2026,CA Paranaense,Santos FC,H,H,0.561,1.99,1.117,True,23.91,23.67,1219.05,33.94,33.6,1469.73
,2026,Fluminense FC,Botafogo FR,H,H,0.657,1.8,1.183,True,24.38,19.5,1238.55,67.38,53.9,1523.63
,2026,SC Corinthians Paulista,RB Bragantino,H,H,0.596,1.91,1.137,True,24.77,22.54,1261.1,46.01,41.87,1565.51
,2026,SC Internacional,SE Palmeiras,A,,,,,,0.0,0.0,1261.1,0.0,0.0,1565.51
,2026,CA Paranaense,SC Corinthians Paulista,A,,,,,,0.0,0.0,1261.1,0.0,0.0,1565.51
,2026,RB Bragantino,CA Paranaense,D,,,,,,0.0,0.0,1261.1,0.0,0.0,1565.51
,2026,Clube do Remo,SC Internacional,D,,,,,,0.0,0.0,1261.1,0.0,0.0,1565.51
,2026,Coritiba FBC,São Paulo FC,A,,,,,,0.0,0.0,1261.1,0.0,0.0,1565.51
,2026,Cruzeiro EC,SC Corinthians Paulista,D,,,,,,0.0,0.0,1261.1,0.0,0.0,1565.51
,2026,SE Palmeiras,Fluminense FC,H,,,,,,0.0,0.0,1261.1,0.0,0.0,1565.51
,2026,Grêmio FBPA,CA Mineiro,H,H,0.587,2.19,1.285,True,25.22,30.01,1291.11,74.89,89.12,1654.63
,2026,Santos FC,CR Vasco da Gama,H,,,,,,0.0,0.0,1291.11,0.0,0.0,1654.63
