date,home_team,away_team,bookmaker,odd_home,odd_draw,odd_away,imp_home,imp_draw,imp_away,total,prob_home,prob_draw,prob_away,margem_%
2026-03-11T00:30:00Z,Mirassol,Santos,winamax_fr,1.8,3.25,3.2,0.5555555555555556,0.3076923076923077,0.3125,1.1757478632478633,0.4725,0.2617,0.2658,17.57
2026-03-11T00:30:00Z,Mirassol,Santos,winamax_de,1.86,3.4,3.35,0.5376344086021505,0.29411764705882354,0.29850746268656714,1.1302595183475412,0.4757,0.2602,0.2641,13.03
2026-03-11T00:30:00Z,Mirassol,Santos,pmu_fr,1.78,3.2,3.05,0.5617977528089888,0.3125,0.3278688524590164,1.2021666052680051,0.4673,0.2599,0.2727,20.22
2026-03-11T00:30:00Z,Mirassol,Santos,unibet_fr,1.81,3.2,3.28,0.5524861878453039,0.3125,0.3048780487804878,1.1698642366257916,0.4723,0.2671,0.2606,16.99
2026-03-11T00:30:00Z,Mirassol,Santos,onexbet,2.06,3.52,3.68,0.4854368932038835,0.2840909090909091,0.2717391304347826,1.0412669327295752,0.4662,0.2728,0.261,4.13
2026-03-11T00:30:00Z,Mirassol,Santos,parionssport_fr,1.83,3.3,3.4,0.5464480874316939,0.30303030303030304,0.29411764705882354,1.1435960375208205,0.4778,0.265,0.2572,14.36
2026-03-11T00:30:00Z,Mirassol,Santos,marathonbet,2.0,3.42,3.58,0.5,0.29239766081871343,0.27932960893854747,1.0717272697572608,0.4665,0.2728,0.2606,7.17
2026-03-11T00:30:00Z,Mirassol,Santos,sport888,2.0,3.3,3.4,0.5,0.30303030303030304,0.29411764705882354,1.0971479500891266,0.4557,0.2762,0.2681,9.71
2026-03-11T00:30:00Z,Mirassol,Santos,williamhill,2.0,3.3,3.4,0.5,0.30303030303030304,0.29411764705882354,1.0971479500891266,0.4557,0.2762,0.2681,9.71
2026-03-11T00:30:00Z,Mirassol,Santos,betclic_fr,1.84,3.3,3.4,0.5434782608695652,0.30303030303030304,0.29411764705882354,1.1406262109586918,0.4765,0.2657,0.2579,14.06
2026-03-11T00:30:00Z,Mirassol,Santos,betsson,2.02,3.45,3.45,0.49504950495049505,0.2898550724637681,0.2898550724637681,1.0747596498780312,0.4606,0.2697,0.2697,7.48
2026-03-11T00:30:00Z,Mirassol,Santos,nordicbet,2.02,3.45,3.45,0.49504950495049505,0.2898550724637681,0.2898550724637681,1.0747596498780312,0.4606,0.2697,0.2697,7.48
2026-03-11T00:30:00Z,Mirassol,Santos,unibet_nl,1.94,3.5,3.75,0.5154639175257733,0.2857142857142857,0.26666666666666666,1.0678448699067256,0.4827,0.2676,0.2497,6.78
2026-03-11T00:30:00Z,Mirassol,Santos,unibet_se,1.94,3.5,3.75,0.5154639175257733,0.2857142857142857,0.26666666666666666,1.0678448699067256,0.4827,0.2676,0.2497,6.78
2026-03-11T00:30:00Z,Mirassol,Santos,leovegas_se,1.92,3.45,3.65,0.5208333333333334,0.2898550724637681,0.273972602739726,1.0846610085368276,0.4802,0.2672,0.2526,8.47
2026-03-11T00:30:00Z,Mirassol,Santos,tipico_de,1.93,3.5,3.5,0.5181347150259068,0.2857142857142857,0.2857142857142857,1.0895632864544782,0.4755,0.2622,0.2622,8.96
2026-03-11T00:30:00Z,Mirassol,Santos,pinnacle,2.03,3.55,3.63,0.4926108374384237,0.28169014084507044,0.27548209366391185,1.049783071947406,0.4693,0.2683,0.2624,4.98
2026-03-11T00:30:00Z,Mirassol,Santos,matchbook,2.04,3.5,3.6,0.49019607843137253,0.2857142857142857,0.2777777777777778,1.0536881419234359,0.4652,0.2712,0.2636,5.37
2026-03-11T00:30:00Z,Mirassol,Santos,betonlineag,2.0,3.63,3.65,0.5,0.27548209366391185,0.273972602739726,1.0494546964036378,0.4764,0.2625,0.2611,4.95
2026-03-11T00:30:00Z,Mirassol,Santos,gtbets,1.99,3.55,3.62,0.5025125628140703,0.28169014084507044,0.27624309392265195,1.0604457975817927,0.4739,0.2656,0.2605,6.04
2026-03-11T00:30:00Z,Mirassol,Santos,betfair_ex_eu,2.0,3.25,1.81,0.5,0.3076923076923077,0.5524861878453039,1.3601784955376117,0.3676,0.2262,0.4062,36.02
2026-03-11T22:00:00Z,Atletico Mineiro,Internacional,winamax_fr,1.84,3.15,3.2,0.5434782608695652,0.31746031746031744,0.3125,1.1734385783298826,0.4632,0.2705,0.2663,17.34
2026-03-11T22:00:00Z,Atletico Mineiro,Internacional,winamax_de,1.9,3.3,3.35,0.5263157894736842,0.30303030303030304,0.29850746268656714,1.1278535551905544,0.4667,0.2687,0.2647,12.79
2026-03-11T22:00:00Z,Atletico Mineiro,Internacional,codere_it,2.0,3.4,3.65,0.5,0.29411764705882354,0.273972602739726,1.0680902497985496,0.4681,0.2754,0.2565,6.81
2026-03-11T22:00:00Z,Atletico Mineiro,Internacional,pmu_fr,1.78,3.15,3.15,0.5617977528089888,0.31746031746031744,0.31746031746031744,1.1967183877296237,0.4694,0.2653,0.2653,19.67
2026-03-11T22:00:00Z,Atletico Mineiro,Internacional,unibet_fr,1.84,3.1,3.3,0.5434782608695652,0.3225806451612903,0.30303030303030304,1.1690892090611584,0.4649,0.2759,0.2592,16.91
2026-03-11T22:00:00Z,Atletico Mineiro,Internacional,parionssport_fr,1.85,3.2,3.4,0.5405405405405405,0.3125,0.29411764705882354,1.147158187599364,0.4712,0.2724,0.2564,14.72
2026-03-11T22:00:00Z,Atletico Mineiro,Internacional,onexbet,2.06,3.52,3.68,0.4854368932038835,0.2840909090909091,0.2717391304347826,1.0412669327295752,0.4662,0.2728,0.261,4.13
2026-03-11T22:00:00Z,Atletico Mineiro,Internacional,marathonbet,2.0,3.42,3.58,0.5,0.29239766081871343,0.27932960893854747,1.0717272697572608,0.4665,0.2728,0.2606,7.17
2026-03-11T22:00:00Z,Atletico Mineiro,Internacional,sport888,1.95,3.3,3.6,0.5128205128205129,0.30303030303030304,0.2777777777777778,1.0936285936285937,0.4689,0.2771,0.254,9.36
2026-03-11T22:00:00Z,Atletico Mineiro,Internacional,williamhill,1.95,3.3,3.6,0.5128205128205129,0.30303030303030304,0.2777777777777778,1.0936285936285937,0.4689,0.2771,0.254,9.36
2026-03-11T22:00:00Z,Atletico Mineiro,Internacional,betclic_fr,1.87,3.2,3.42,0.53475935828877,0.3125,0.29239766081871343,1.1396570191074833,0.4692,0.2742,0.2566,13.97
2026-03-11T22:00:00Z,Atletico Mineiro,Internacional,unibet_nl,2.0,3.35,3.75,0.5,0.29850746268656714,0.26666666666666666,1.0651741293532337,0.4694,0.2802,0.2504,6.52
2026-03-11T22:00:00Z,Atletico Mineiro,Internacional,unibet_se,2.0,3.35,3.75,0.5,0.29850746268656714,0.26666666666666666,1.0651741293532337,0.4694,0.2802,0.2504,6.52
2026-03-11T22:00:00Z,Atletico Mineiro,Internacional,leovegas_se,1.97,3.3,3.65,0.5076142131979695,0.30303030303030304,0.273972602739726,1.0846171189679985,0.468,0.2794,0.2526,8.46
2026-03-11T22:00:00Z,Atletico Mineiro,Internacional,betsson,2.02,3.35,3.55,0.49504950495049505,0.29850746268656714,0.28169014084507044,1.0752471084821327,0.4604,0.2776,0.262,7.52
2026-03-11T22:00:00Z,Atletico Mineiro,Internacional,nordicbet,2.02,3.35,3.55,0.49504950495049505,0.29850746268656714,0.28169014084507044,1.0752471084821327,0.4604,0.2776,0.262,7.52
2026-03-11T22:00:00Z,Atletico Mineiro,Internacional,tipico_de,1.95,3.4,3.6,0.5128205128205129,0.29411764705882354,0.2777777777777778,1.0847159376571143,0.4728,0.2711,0.2561,8.47
2026-03-11T22:00:00Z,Atletico Mineiro,Internacional,pinnacle,2.04,3.49,3.65,0.49019607843137253,0.28653295128939826,0.273972602739726,1.0507016324604967,0.4665,0.2727,0.2608,5.07
2026-03-11T22:00:00Z,Atletico Mineiro,Internacional,matchbook,2.02,3.45,3.6,0.49504950495049505,0.2898550724637681,0.2777777777777778,1.0626823551920408,0.4658,0.2728,0.2614,6.27
2026-03-11T22:00:00Z,Atletico Mineiro,Internacional,gtbets,2.01,3.39,3.73,0.49751243781094534,0.2949852507374631,0.2680965147453083,1.0605942032937168,0.4691,0.2781,0.2528,6.06
2026-03-11T22:00:00Z,Atletico Mineiro,Internacional,betonlineag,2.02,3.5,3.72,0.49504950495049505,0.2857142857142857,0.26881720430107525,1.049580994965856,0.4717,0.2722,0.2561,4.96
2026-03-11T22:00:00Z,Atletico Paranaense,Botafogo,pmu_fr,1.9,3.0,3.0,0.5263157894736842,0.3333333333333333,0.3333333333333333,1.1929824561403508,0.4412,0.2794,0.2794,19.3
2026-03-11T22:00:00Z,Atletico Paranaense,Botafogo,sport888,2.15,3.1,3.3,0.46511627906976744,0.3225806451612903,0.30303030303030304,1.0907272272613608,0.4264,0.2957,0.2778,9.07
2026-03-11T22:00:00Z,Atletico Paranaense,Botafogo,williamhill,2.15,3.1,3.3,0.46511627906976744,0.3225806451612903,0.30303030303030304,1.0907272272613608,0.4264,0.2957,0.2778,9.07
2026-03-11T22:00:00Z,Atletico Paranaense,Botafogo,marathonbet,2.04,3.26,3.64,0.49019607843137253,0.3067484662576687,0.2747252747252747,1.071669819414316,0.4574,0.2862,0.2564,7.17
2026-03-11T22:00:00Z,Atletico Paranaense,Botafogo,unibet_nl,1.93,3.4,3.95,0.5181347150259068,0.29411764705882354,0.2531645569620253,1.0654169190467557,0.4863,0.2761,0.2376,6.54
2026-03-11T22:00:00Z,Atletico Paranaense,Botafogo,unibet_se,1.93,3.4,3.95,0.5181347150259068,0.29411764705882354,0.2531645569620253,1.0654169190467557,0.4863,0.2761,0.2376,6.54
2026-03-11T22:00:00Z,Atletico Paranaense,Botafogo,leovegas_se,1.91,3.35,3.85,0.5235602094240838,0.29850746268656714,0.2597402597402597,1.0818079318509106,0.484,0.2759,0.2401,8.18
2026-03-11T23:00:00Z,Bahia,Vitoria,winamax_de,1.64,3.5,4.3,0.6097560975609756,0.2857142857142857,0.23255813953488372,1.128028522810145,0.5406,0.2533,0.2062,12.8
2026-03-11T23:00:00Z,Bahia,Vitoria,winamax_fr,1.6,3.3,4.0,0.625,0.30303030303030304,0.25,1.178030303030303,0.5305,0.2572,0.2122,17.8
2026-03-11T23:00:00Z,Bahia,Vitoria,parionssport_fr,1.61,3.3,4.3,0.6211180124223602,0.30303030303030304,0.23255813953488372,1.156706454987547,0.537,0.262,0.2011,15.67
2026-03-11T23:00:00Z,Bahia,Vitoria,onexbet,1.77,3.64,4.94,0.5649717514124294,0.2747252747252747,0.20242914979757085,1.042126175935275,0.5421,0.2636,0.1942,4.21
2026-03-11T23:00:00Z,Bahia,Vitoria,pmu_fr,1.54,3.35,4.0,0.6493506493506493,0.29850746268656714,0.25,1.1978581120372165,0.5421,0.2492,0.2087,19.79
2026-03-11T23:00:00Z,Bahia,Vitoria,unibet_fr,1.6,3.25,4.2,0.625,0.3076923076923077,0.23809523809523808,1.1707875457875458,0.5338,0.2628,0.2034,17.08
2026-03-11T23:00:00Z,Bahia,Vitoria,marathonbet,1.72,3.54,4.8,0.5813953488372093,0.2824858757062147,0.20833333333333334,1.0722145578767572,0.5422,0.2635,0.1943,7.22
2026-03-11T23:00:00Z,Bahia,Vitoria,sport888,1.73,3.5,4.5,0.5780346820809249,0.2857142857142857,0.2222222222222222,1.0859711900174327,0.5323,0.2631,0.2046,8.6
2026-03-11T23:00:00Z,Bahia,Vitoria,williamhill,1.73,3.5,4.5,0.5780346820809249,0.2857142857142857,0.2222222222222222,1.0859711900174327,0.5323,0.2631,0.2046,8.6
2026-03-11T23:00:00Z,Bahia,Vitoria,betsson,1.75,3.55,4.45,0.5714285714285714,0.28169014084507044,0.2247191011235955,1.0778378133972373,0.5302,0.2613,0.2085,7.78
2026-03-11T23:00:00Z,Bahia,Vitoria,nordicbet,1.75,3.55,4.45,0.5714285714285714,0.28169014084507044,0.2247191011235955,1.0778378133972373,0.5302,0.2613,0.2085,7.78
2026-03-11T23:00:00Z,Bahia,Vitoria,betclic_fr,1.63,3.35,4.4,0.6134969325153374,0.29850746268656714,0.22727272727272727,1.1392771224746319,0.5385,0.262,0.1995,13.93
2026-03-11T23:00:00Z,Bahia,Vitoria,unibet_se,1.63,3.7,5.5,0.6134969325153374,0.27027027027027023,0.18181818181818182,1.0655853846037895,0.5757,0.2536,0.1706,6.56
2026-03-11T23:00:00Z,Bahia,Vitoria,leovegas_se,1.6,3.65,5.4,0.625,0.273972602739726,0.18518518518518517,1.0841577879249111,0.5765,0.2527,0.1708,8.42
2026-03-11T23:00:00Z,Bahia,Vitoria,unibet_nl,1.63,3.7,5.5,0.6134969325153374,0.27027027027027023,0.18181818181818182,1.0655853846037895,0.5757,0.2536,0.1706,6.56
2026-03-11T23:00:00Z,Bahia,Vitoria,tipico_de,1.7,3.5,4.7,0.5882352941176471,0.2857142857142857,0.2127659574468085,1.0867155372787414,0.5413,0.2629,0.1958,8.67
2026-03-11T23:00:00Z,Bahia,Vitoria,pinnacle,1.75,3.65,4.87,0.5714285714285714,0.273972602739726,0.2053388090349076,1.050739983203205,0.5438,0.2607,0.1954,5.07
2026-03-11T23:00:00Z,Bahia,Vitoria,matchbook,1.73,3.6,4.7,0.5780346820809249,0.2777777777777778,0.2127659574468085,1.0685784173055113,0.5409,0.26,0.1991,6.86
2026-03-11T23:00:00Z,Bahia,Vitoria,gtbets,1.74,3.59,4.83,0.5747126436781609,0.2785515320334262,0.20703933747412007,1.060303513185707,0.542,0.2627,0.1953,6.03
2026-03-11T23:00:00Z,Bahia,Vitoria,betonlineag,1.75,3.67,4.86,0.5714285714285714,0.2724795640326976,0.20576131687242796,1.049669452333697,0.5444,0.2596,0.196,4.97
2026-03-12T00:30:00Z,Corinthians,Coritiba,winamax_fr,1.46,3.5,4.9,0.684931506849315,0.2857142857142857,0.2040816326530612,1.174727425216662,0.5831,0.2432,0.1737,17.47
2026-03-12T00:30:00Z,Corinthians,Coritiba,winamax_de,1.5,3.7,5.3,0.6666666666666666,0.27027027027027023,0.18867924528301888,1.1256161822199557,0.5923,0.2401,0.1676,12.56
2026-03-12T00:30:00Z,Corinthians,Coritiba,onexbet,1.57,4.04,6.28,0.6369426751592356,0.24752475247524752,0.1592356687898089,1.0437030964242922,0.6103,0.2372,0.1526,4.37
2026-03-12T00:30:00Z,Corinthians,Coritiba,pmu_fr,1.36,3.45,5.6,0.7352941176470588,0.2898550724637681,0.17857142857142858,1.2037206186822555,0.6109,0.2408,0.1483,20.37
2026-03-12T00:30:00Z,Corinthians,Coritiba,parionssport_fr,1.47,3.5,5.4,0.6802721088435374,0.2857142857142857,0.18518518518518517,1.1511715797430082,0.5909,0.2482,0.1609,15.12
2026-03-12T00:30:00Z,Corinthians,Coritiba,marathonbet,1.53,3.92,6.1,0.6535947712418301,0.25510204081632654,0.1639344262295082,1.0726312382876648,0.6093,0.2378,0.1528,7.26
2026-03-12T00:30:00Z,Corinthians,Coritiba,sport888,1.53,3.75,5.5,0.6535947712418301,0.26666666666666666,0.18181818181818182,1.1020796197266787,0.5931,0.242,0.165,10.21
2026-03-12T00:30:00Z,Corinthians,Coritiba,williamhill,1.55,3.75,5.5,0.6451612903225806,0.26666666666666666,0.18181818181818182,1.0936461388074292,0.5899,0.2438,0.1662,9.36
2026-03-12T00:30:00Z,Corinthians,Coritiba,nordicbet,1.55,3.95,5.9,0.6451612903225806,0.2531645569620253,0.1694915254237288,1.0678173727083347,0.6042,0.2371,0.1587,6.78
2026-03-12T00:30:00Z,Corinthians,Coritiba,betsson,1.55,3.95,5.9,0.6451612903225806,0.2531645569620253,0.1694915254237288,1.0678173727083347,0.6042,0.2371,0.1587,6.78
2026-03-12T00:30:00Z,Corinthians,Coritiba,betclic_fr,1.48,3.55,5.5,0.6756756756756757,0.28169014084507044,0.18181818181818182,1.139183998338928,0.5931,0.2473,0.1596,13.92
2026-03-12T00:30:00Z,Corinthians,Coritiba,unibet_fr,1.46,3.42,5.2,0.684931506849315,0.29239766081871343,0.1923076923076923,1.1696368599757208,0.5856,0.25,0.1644,16.96
2026-03-12T00:30:00Z,Corinthians,Coritiba,unibet_se,1.56,3.85,6.1,0.641025641025641,0.2597402597402597,0.1639344262295082,1.064700326995409,0.6021,0.244,0.154,6.47
2026-03-12T00:30:00Z,Corinthians,Coritiba,leovegas_se,1.54,3.8,6.1,0.6493506493506493,0.2631578947368421,0.1639344262295082,1.0764429703169995,0.6032,0.2445,0.1523,7.64
2026-03-12T00:30:00Z,Corinthians,Coritiba,unibet_nl,1.56,3.85,6.1,0.641025641025641,0.2597402597402597,0.1639344262295082,1.064700326995409,0.6021,0.244,0.154,6.47
2026-03-12T00:30:00Z,Corinthians,Coritiba,tipico_de,1.52,3.9,5.7,0.6578947368421053,0.25641025641025644,0.17543859649122806,1.0897435897435899,0.6037,0.2353,0.161,8.97
2026-03-12T00:30:00Z,Corinthians,Coritiba,pinnacle,1.56,4.08,5.98,0.641025641025641,0.24509803921568626,0.16722408026755853,1.0533477605088857,0.6086,0.2327,0.1588,5.33
2026-03-12T00:30:00Z,Corinthians,Coritiba,matchbook,1.55,3.95,5.8,0.6451612903225806,0.2531645569620253,0.1724137931034483,1.0707396403880542,0.6025,0.2364,0.161,7.07
2026-03-12T00:30:00Z,Corinthians,Coritiba,betonlineag,1.56,4.1,6.0,0.641025641025641,0.24390243902439027,0.16666666666666666,1.051594746716698,0.6096,0.2319,0.1585,5.16
2026-03-12T00:30:00Z,Corinthians,Coritiba,gtbets,1.56,3.94,6.04,0.641025641025641,0.25380710659898476,0.16556291390728478,1.0603956615319106,0.6045,0.2394,0.1561,6.04
2026-03-12T00:30:00Z,Flamengo,Cruzeiro,winamax_fr,1.41,3.7,5.1,0.7092198581560284,0.27027027027027023,0.19607843137254904,1.1755685597988477,0.6033,0.2299,0.1668,17.56
2026-03-12T00:30:00Z,Flamengo,Cruzeiro,winamax_de,1.46,3.95,5.4,0.684931506849315,0.2531645569620253,0.18518518518518517,1.1232812489965254,0.6098,0.2254,0.1649,12.33
2026-03-12T00:30:00Z,Flamengo,Cruzeiro,onexbet,1.52,4.22,6.74,0.6578947368421053,0.23696682464454977,0.14836795252225518,1.0432295140089103,0.6306,0.2271,0.1422,4.32
2026-03-12T00:30:00Z,Flamengo,Cruzeiro,pmu_fr,1.32,3.7,5.8,0.7575757575757576,0.27027027027027023,0.1724137931034483,1.200259820949476,0.6312,0.2252,0.1436,20.03
2026-03-12T00:30:00Z,Flamengo,Cruzeiro,williamhill,1.5,3.8,6.0,0.6666666666666666,0.2631578947368421,0.16666666666666666,1.0964912280701755,0.608,0.24,0.152,9.65
2026-03-12T00:30:00Z,Flamengo,Cruzeiro,parionssport_fr,1.43,3.7,5.6,0.6993006993006994,0.27027027027027023,0.17857142857142858,1.1481423981423982,0.6091,0.2354,0.1555,14.81
2026-03-12T00:30:00Z,Flamengo,Cruzeiro,sport888,1.5,3.8,6.0,0.6666666666666666,0.2631578947368421,0.16666666666666666,1.0964912280701755,0.608,0.24,0.152,9.65
2026-03-12T00:30:00Z,Flamengo,Cruzeiro,marathonbet,1.48,4.1,6.55,0.6756756756756757,0.24390243902439027,0.15267175572519084,1.0722498704252568,0.6301,0.2275,0.1424,7.22
2026-03-12T00:30:00Z,Flamengo,Cruzeiro,betclic_fr,1.44,3.75,5.6,0.6944444444444444,0.26666666666666666,0.17857142857142858,1.1396825396825396,0.6093,0.234,0.1567,13.97
2026-03-12T00:30:00Z,Flamengo,Cruzeiro,betsson,1.5,3.95,6.4,0.6666666666666666,0.2531645569620253,0.15625,1.0760812236286919,0.6195,0.2353,0.1452,7.61
2026-03-12T00:30:00Z,Flamengo,Cruzeiro,nordicbet,1.5,3.95,6.4,0.6666666666666666,0.2531645569620253,0.15625,1.0760812236286919,0.6195,0.2353,0.1452,7.61
2026-03-12T00:30:00Z,Flamengo,Cruzeiro,unibet_fr,1.42,3.6,5.35,0.7042253521126761,0.2777777777777778,0.1869158878504673,1.1689190177409212,0.6025,0.2376,0.1599,16.89
2026-03-12T00:30:00Z,Flamengo,Cruzeiro,unibet_nl,1.51,4.0,6.5,0.6622516556291391,0.25,0.15384615384615385,1.066097809475293,0.6212,0.2345,0.1443,6.61
2026-03-12T00:30:00Z,Flamengo,Cruzeiro,unibet_se,1.51,4.0,6.5,0.6622516556291391,0.25,0.15384615384615385,1.066097809475293,0.6212,0.2345,0.1443,6.61
2026-03-12T00:30:00Z,Flamengo,Cruzeiro,leovegas_se,1.49,3.95,6.4,0.6711409395973155,0.2531645569620253,0.15625,1.0805554965593407,0.6211,0.2343,0.1446,8.06
2026-03-12T00:30:00Z,Flamengo,Cruzeiro,tipico_de,1.47,4.1,6.2,0.6802721088435374,0.24390243902439027,0.16129032258064516,1.0854648704485728,0.6267,0.2247,0.1486,8.55
2026-03-12T00:30:00Z,Flamengo,Cruzeiro,pinnacle,1.49,4.24,6.79,0.6711409395973155,0.23584905660377356,0.14727540500736377,1.0542654012084527,0.6366,0.2237,0.1397,5.43
2026-03-12T00:30:00Z,Flamengo,Cruzeiro,matchbook,1.48,4.1,6.6,0.6756756756756757,0.24390243902439027,0.15151515151515152,1.0710932662152175,0.6308,0.2277,0.1415,7.11
2026-03-12T00:30:00Z,Flamengo,Cruzeiro,betonlineag,1.5,4.25,6.8,0.6666666666666666,0.23529411764705882,0.14705882352941177,1.049019607843137,0.6355,0.2243,0.1402,4.9
2026-03-12T00:30:00Z,Flamengo,Cruzeiro,gtbets,1.52,4.02,6.45,0.6578947368421053,0.24875621890547267,0.15503875968992248,1.0616897154375005,0.6197,0.2343,0.146,6.17
2026-03-12T22:00:00Z,Remo,Fluminense,winamax_de,3.05,3.25,1.96,0.3278688524590164,0.3076923076923077,0.5102040816326531,1.1457652417839772,0.2862,0.2685,0.4453,14.58
2026-03-12T22:00:00Z,Remo,Fluminense,winamax_fr,2.9,3.1,1.9,0.3448275862068966,0.3225806451612903,0.5263157894736842,1.193724020841871,0.2889,0.2702,0.4409,19.37
2026-03-12T22:00:00Z,Remo,Fluminense,codere_it,3.35,3.4,2.1,0.29850746268656714,0.29411764705882354,0.47619047619047616,1.0688155859358668,0.2793,0.2752,0.4455,6.88
2026-03-12T22:00:00Z,Remo,Fluminense,parionssport_fr,3.1,3.2,1.94,0.3225806451612903,0.3125,0.5154639175257733,1.1505445626870636,0.2804,0.2716,0.448,15.05
2026-03-12T22:00:00Z,Remo,Fluminense,onexbet,3.29,3.6,2.17,0.303951367781155,0.2777777777777778,0.4608294930875576,1.0425586386464905,0.2915,0.2664,0.442,4.26
2026-03-12T22:00:00Z,Remo,Fluminense,pmu_fr,3.0,3.05,1.85,0.3333333333333333,0.3278688524590164,0.5405405405405405,1.2017427263328901,0.2774,0.2728,0.4498,20.17
2026-03-12T22:00:00Z,Remo,Fluminense,sport888,3.2,3.3,2.1,0.3125,0.30303030303030304,0.47619047619047616,1.091720779220779,0.2862,0.2776,0.4362,9.17
2026-03-12T22:00:00Z,Remo,Fluminense,williamhill,3.2,3.3,2.1,0.3125,0.30303030303030304,0.47619047619047616,1.091720779220779,0.2862,0.2776,0.4362,9.17
2026-03-12T22:00:00Z,Remo,Fluminense,marathonbet,3.2,3.5,2.11,0.3125,0.2857142857142857,0.47393364928909953,1.0721479350033851,0.2915,0.2665,0.442,7.21
2026-03-12T22:00:00Z,Remo,Fluminense,betclic_fr,3.15,3.2,1.96,0.31746031746031744,0.3125,0.5102040816326531,1.1401643990929706,0.2784,0.2741,0.4475,14.02
2026-03-12T22:00:00Z,Remo,Fluminense,betsson,3.15,3.45,2.12,0.31746031746031744,0.2898550724637681,0.4716981132075471,1.0790135031316326,0.2942,0.2686,0.4372,7.9
2026-03-12T22:00:00Z,Remo,Fluminense,nordicbet,3.15,3.45,2.12,0.31746031746031744,0.2898550724637681,0.4716981132075471,1.0790135031316326,0.2942,0.2686,0.4372,7.9
2026-03-12T22:00:00Z,Remo,Fluminense,unibet_fr,3.05,3.08,1.9,0.3278688524590164,0.3246753246753247,0.5263157894736842,1.1788599666080253,0.2781,0.2754,0.4465,17.89
2026-03-12T22:00:00Z,Remo,Fluminense,leovegas_se,3.5,3.25,2.05,0.2857142857142857,0.3076923076923077,0.48780487804878053,1.081211471455374,0.2643,0.2846,0.4512,8.12
2026-03-12T22:00:00Z,Remo,Fluminense,unibet_nl,3.55,3.3,2.08,0.28169014084507044,0.30303030303030304,0.4807692307692307,1.065489674644604,0.2644,0.2844,0.4512,6.55
2026-03-12T22:00:00Z,Remo,Fluminense,unibet_se,3.55,3.3,2.08,0.28169014084507044,0.30303030303030304,0.4807692307692307,1.065489674644604,0.2644,0.2844,0.4512,6.55
2026-03-12T22:00:00Z,Remo,Fluminense,tipico_de,3.1,3.5,2.1,0.3225806451612903,0.2857142857142857,0.47619047619047616,1.0844854070660523,0.2975,0.2635,0.4391,8.45
2026-03-12T22:00:00Z,Remo,Fluminense,pinnacle,3.21,3.71,2.14,0.3115264797507788,0.2695417789757412,0.4672897196261682,1.0483579783526882,0.2972,0.2571,0.4457,4.84
2026-03-12T22:00:00Z,Remo,Fluminense,matchbook,3.15,3.65,2.12,0.31746031746031744,0.273972602739726,0.4716981132075471,1.0631310334075905,0.2986,0.2577,0.4437,6.31
2026-03-12T22:00:00Z,Remo,Fluminense,gtbets,3.3,3.44,2.15,0.30303030303030304,0.29069767441860467,0.46511627906976744,1.058844256518675,0.2862,0.2745,0.4393,5.88
2026-03-12T22:00:00Z,Remo,Fluminense,betonlineag,3.2,3.69,2.15,0.3125,0.2710027100271003,0.46511627906976744,1.0486189890968678,0.298,0.2584,0.4436,4.86
2026-03-12T22:30:00Z,Vasco da Gama,Palmeiras,winamax_fr,2.7,3.1,2.0,0.37037037037037035,0.3225806451612903,0.5,1.1929510155316607,0.3105,0.2704,0.4191,19.3
2026-03-12T22:30:00Z,Vasco da Gama,Palmeiras,winamax_de,2.8,3.25,2.05,0.35714285714285715,0.3076923076923077,0.48780487804878053,1.1526400428839454,0.3098,0.2669,0.4232,15.26
2026-03-12T22:30:00Z,Vasco da Gama,Palmeiras,codere_it,3.05,3.4,2.22,0.3278688524590164,0.29411764705882354,0.4504504504504504,1.0724369499682904,0.3057,0.2743,0.42,7.24
2026-03-12T22:30:00Z,Vasco da Gama,Palmeiras,onexbet,3.15,3.44,2.31,0.31746031746031744,0.29069767441860467,0.4329004329004329,1.041058424779355,0.3049,0.2792,0.4158,4.11
2026-03-12T22:30:00Z,Vasco da Gama,Palmeiras,pmu_fr,2.75,3.05,1.95,0.36363636363636365,0.3278688524590164,0.5128205128205129,1.2043257289158928,0.3019,0.2722,0.4258,20.43
2026-03-12T22:30:00Z,Vasco da Gama,Palmeiras,parionssport_fr,2.9,3.2,2.05,0.3448275862068966,0.3125,0.48780487804878053,1.145132464255677,0.3011,0.2729,0.426,14.51
2026-03-12T22:30:00Z,Vasco da Gama,Palmeiras,sport888,2.9,3.25,2.25,0.3448275862068966,0.3076923076923077,0.4444444444444444,1.0969643383436487,0.3143,0.2805,0.4052,9.7
2026-03-12T22:30:00Z,Vasco da Gama,Palmeiras,williamhill,2.9,3.25,2.25,0.3448275862068966,0.3076923076923077,0.4444444444444444,1.0969643383436487,0.3143,0.2805,0.4052,9.7
2026-03-12T22:30:00Z,Vasco da Gama,Palmeiras,marathonbet,3.06,3.34,2.24,0.32679738562091504,0.29940119760479045,0.4464285714285714,1.072627154654277,0.3047,0.2791,0.4162,7.26
2026-03-12T22:30:00Z,Vasco da Gama,Palmeiras,betclic_fr,2.9,3.2,2.07,0.3448275862068966,0.3125,0.48309178743961356,1.1404193736465102,0.3024,0.274,0.4236,14.04
2026-03-12T22:30:00Z,Vasco da Gama,Palmeiras,betsson,2.98,3.35,2.28,0.33557046979865773,0.29850746268656714,0.4385964912280702,1.072674423713295,0.3128,0.2783,0.4089,7.27
2026-03-12T22:30:00Z,Vasco da Gama,Palmeiras,nordicbet,2.98,3.35,2.28,0.33557046979865773,0.29850746268656714,0.4385964912280702,1.072674423713295,0.3128,0.2783,0.4089,7.27
2026-03-12T22:30:00Z,Vasco da Gama,Palmeiras,unibet_fr,2.8,3.08,2.01,0.35714285714285715,0.3246753246753247,0.49751243781094534,1.1793306196291273,0.3028,0.2753,0.4219,17.93
2026-03-12T22:30:00Z,Vasco da Gama,Palmeiras,leovegas_se,3.2,3.4,2.12,0.3125,0.29411764705882354,0.4716981132075471,1.0783157602663707,0.2898,0.2728,0.4374,7.83
2026-03-12T22:30:00Z,Vasco da Gama,Palmeiras,unibet_nl,3.25,3.45,2.15,0.3076923076923077,0.2898550724637681,0.46511627906976744,1.0626636592258432,0.2895,0.2728,0.4377,6.27
2026-03-12T22:30:00Z,Vasco da Gama,Palmeiras,unibet_se,3.25,3.45,2.15,0.3076923076923077,0.2898550724637681,0.46511627906976744,1.0626636592258432,0.2895,0.2728,0.4377,6.27
2026-03-12T22:30:00Z,Vasco da Gama,Palmeiras,tipico_de,3.1,3.3,2.2,0.3225806451612903,0.30303030303030304,0.45454545454545453,1.0801564027370478,0.2986,0.2805,0.4208,8.02
2026-03-12T22:30:00Z,Vasco da Gama,Palmeiras,pinnacle,3.13,3.4,2.3,0.3194888178913738,0.29411764705882354,0.4347826086956522,1.0483890736458497,0.3047,0.2805,0.4147,4.84
2026-03-12T22:30:00Z,Vasco da Gama,Palmeiras,matchbook,3.05,3.35,2.28,0.3278688524590164,0.29850746268656714,0.4385964912280702,1.0649728063736537,0.3079,0.2803,0.4118,6.5
2026-03-12T22:30:00Z,Vasco da Gama,Palmeiras,gtbets,3.12,3.41,2.24,0.3205128205128205,0.29325513196480935,0.4464285714285714,1.0601965239062012,0.3023,0.2766,0.4211,6.02
2026-03-12T22:30:00Z,Vasco da Gama,Palmeiras,betonlineag,3.13,3.4,2.29,0.3194888178913738,0.29411764705882354,0.4366812227074236,1.050287687657621,0.3042,0.28,0.4158,5.03
2026-03-12T23:00:00Z,Sao Paulo,Chapecoense,winamax_fr,1.34,3.85,5.6,0.7462686567164178,0.2597402597402597,0.17857142857142858,1.1845803450281063,0.63,0.2193,0.1507,18.46
2026-03-12T23:00:00Z,Sao Paulo,Chapecoense,winamax_de,1.36,4.1,6.0,0.7352941176470588,0.24390243902439027,0.16666666666666666,1.1458632233381156,0.6417,0.2129,0.1455,14.59
2026-03-12T23:00:00Z,Sao Paulo,Chapecoense,parionssport_fr,1.35,3.9,6.3,0.7407407407407407,0.25641025641025644,0.15873015873015872,1.155881155881156,0.6408,0.2218,0.1373,15.59
2026-03-12T23:00:00Z,Sao Paulo,Chapecoense,onexbet,1.45,4.47,7.7,0.6896551724137931,0.2237136465324385,0.12987012987012986,1.0432389488163616,0.6611,0.2144,0.1245,4.32
2026-03-12T23:00:00Z,Sao Paulo,Chapecoense,pmu_fr,1.26,4.0,6.25,0.7936507936507936,0.25,0.16,1.2036507936507934,0.6594,0.2077,0.1329,20.37
2026-03-12T23:00:00Z,Sao Paulo,Chapecoense,sport888,1.4,4.2,7.0,0.7142857142857143,0.23809523809523808,0.14285714285714285,1.0952380952380951,0.6522,0.2174,0.1304,9.52
2026-03-12T23:00:00Z,Sao Paulo,Chapecoense,williamhill,1.4,4.2,7.0,0.7142857142857143,0.23809523809523808,0.14285714285714285,1.0952380952380951,0.6522,0.2174,0.1304,9.52
2026-03-12T23:00:00Z,Sao Paulo,Chapecoense,marathonbet,1.41,4.35,7.5,0.7092198581560284,0.2298850574712644,0.13333333333333333,1.0724382489606261,0.6613,0.2144,0.1243,7.24
2026-03-12T23:00:00Z,Sao Paulo,Chapecoense,betclic_fr,1.36,4.0,6.4,0.7352941176470588,0.25,0.15625,1.1415441176470589,0.6441,0.219,0.1369,14.15
2026-03-12T23:00:00Z,Sao Paulo,Chapecoense,betsson,1.44,4.25,6.9,0.6944444444444444,0.23529411764705882,0.14492753623188406,1.0746660983233873,0.6462,0.2189,0.1349,7.47
2026-03-12T23:00:00Z,Sao Paulo,Chapecoense,nordicbet,1.44,4.25,6.9,0.6944444444444444,0.23529411764705882,0.14492753623188406,1.0746660983233873,0.6462,0.2189,0.1349,7.47
2026-03-12T23:00:00Z,Sao Paulo,Chapecoense,unibet_se,1.45,4.3,7.0,0.6896551724137931,0.23255813953488372,0.14285714285714285,1.0650704548058196,0.6475,0.2184,0.1341,6.51
2026-03-12T23:00:00Z,Sao Paulo,Chapecoense,unibet_nl,1.45,4.3,7.0,0.6896551724137931,0.23255813953488372,0.14285714285714285,1.0650704548058196,0.6475,0.2184,0.1341,6.51
2026-03-12T23:00:00Z,Sao Paulo,Chapecoense,leovegas_se,1.43,4.2,6.75,0.6993006993006994,0.23809523809523808,0.14814814814814814,1.0855440855440857,0.6442,0.2193,0.1365,8.55
2026-03-12T23:00:00Z,Sao Paulo,Chapecoense,unibet_fr,1.33,3.8,6.05,0.7518796992481203,0.2631578947368421,0.1652892561983471,1.1803268501833095,0.637,0.223,0.14,18.03
2026-03-12T23:00:00Z,Sao Paulo,Chapecoense,tipico_de,1.4,4.3,7.0,0.7142857142857143,0.23255813953488372,0.14285714285714285,1.089700996677741,0.6555,0.2134,0.1311,8.97
2026-03-12T23:00:00Z,Sao Paulo,Chapecoense,pinnacle,1.42,4.55,7.84,0.7042253521126761,0.21978021978021978,0.12755102040816327,1.0515565923010592,0.6697,0.209,0.1213,5.16
2026-03-12T23:00:00Z,Sao Paulo,Chapecoense,matchbook,1.4,4.4,7.6,0.7142857142857143,0.22727272727272727,0.13157894736842105,1.0731373889268627,0.6656,0.2118,0.1226,7.31
2026-03-12T23:00:00Z,Sao Paulo,Chapecoense,gtbets,1.44,4.32,7.38,0.6944444444444444,0.23148148148148145,0.13550135501355015,1.061427280939476,0.6543,0.2181,0.1277,6.14
2026-03-12T23:00:00Z,Sao Paulo,Chapecoense,betonlineag,1.42,4.55,7.85,0.7042253521126761,0.21978021978021978,0.12738853503184713,1.051394106924743,0.6698,0.209,0.1212,5.14
2026-03-13T00:30:00Z,Grêmio,Bragantino-SP,winamax_fr,1.82,3.2,3.05,0.5494505494505494,0.3125,0.3278688524590164,1.1898194019095658,0.4618,0.2626,0.2756,18.98
2026-03-13T00:30:00Z,Grêmio,Bragantino-SP,winamax_de,1.88,3.35,3.15,0.5319148936170213,0.29850746268656714,0.31746031746031744,1.1478826737639058,0.4634,0.2601,0.2766,14.79
2026-03-13T00:30:00Z,Grêmio,Bragantino-SP,sport888,1.95,3.6,3.3,0.5128205128205129,0.2777777777777778,0.30303030303030304,1.0936285936285937,0.4689,0.254,0.2771,9.36
2026-03-13T00:30:00Z,Grêmio,Bragantino-SP,parionssport_fr,1.86,3.3,3.2,0.5376344086021505,0.30303030303030304,0.3125,1.1531647116324535,0.4662,0.2628,0.271,15.32
2026-03-13T00:30:00Z,Grêmio,Bragantino-SP,pmu_fr,1.8,3.1,3.1,0.5555555555555556,0.3225806451612903,0.3225806451612903,1.200716845878136,0.4627,0.2687,0.2687,20.07
2026-03-13T00:30:00Z,Grêmio,Bragantino-SP,williamhill,1.95,3.6,3.3,0.5128205128205129,0.2777777777777778,0.30303030303030304,1.0936285936285937,0.4689,0.254,0.2771,9.36
2026-03-13T00:30:00Z,Grêmio,Bragantino-SP,onexbet,2.05,3.83,3.42,0.48780487804878053,0.2610966057441253,0.29239766081871343,1.041299144611619,0.4685,0.2507,0.2808,4.13
2026-03-13T00:30:00Z,Grêmio,Bragantino-SP,marathonbet,1.99,3.72,3.32,0.5025125628140703,0.26881720430107525,0.30120481927710846,1.072534586392254,0.4685,0.2506,0.2808,7.25
2026-03-13T00:30:00Z,Grêmio,Bragantino-SP,betclic_fr,1.88,3.32,3.28,0.5319148936170213,0.30120481927710846,0.3048780487804878,1.1379977616746175,0.4674,0.2647,0.2679,13.8
2026-03-13T00:30:00Z,Grêmio,Bragantino-SP,betsson,1.92,3.7,3.55,0.5208333333333334,0.27027027027027023,0.28169014084507044,1.0727937444486741,0.4855,0.2519,0.2626,7.28
2026-03-13T00:30:00Z,Grêmio,Bragantino-SP,nordicbet,1.92,3.7,3.55,0.5208333333333334,0.27027027027027023,0.28169014084507044,1.0727937444486741,0.4855,0.2519,0.2626,7.28
2026-03-13T00:30:00Z,Grêmio,Bragantino-SP,leovegas_se,2.04,3.4,3.4,0.49019607843137253,0.29411764705882354,0.29411764705882354,1.0784313725490196,0.4545,0.2727,0.2727,7.84
2026-03-13T00:30:00Z,Grêmio,Bragantino-SP,unibet_nl,2.06,3.45,3.45,0.4854368932038835,0.2898550724637681,0.2898550724637681,1.0651470381314196,0.4557,0.2721,0.2721,6.51
2026-03-13T00:30:00Z,Grêmio,Bragantino-SP,unibet_se,2.06,3.45,3.45,0.4854368932038835,0.2898550724637681,0.2898550724637681,1.0651470381314196,0.4557,0.2721,0.2721,6.51
2026-03-13T00:30:00Z,Grêmio,Bragantino-SP,unibet_fr,1.82,3.2,3.15,0.5494505494505494,0.3125,0.31746031746031744,1.179410866910867,0.4659,0.265,0.2692,17.94
2026-03-13T00:30:00Z,Grêmio,Bragantino-SP,tipico_de,1.95,3.7,3.3,0.5128205128205129,0.27027027027027023,0.30303030303030304,1.0861210861210862,0.4722,0.2488,0.279,8.61
2026-03-13T00:30:00Z,Grêmio,Bragantino-SP,pinnacle,2.02,3.91,3.34,0.49504950495049505,0.2557544757033248,0.29940119760479045,1.0502051782586102,0.4714,0.2435,0.2851,5.02
2026-03-13T00:30:00Z,Grêmio,Bragantino-SP,matchbook,2.0,3.85,3.75,0.5,0.2597402597402597,0.26666666666666666,1.0264069264069264,0.4871,0.2531,0.2598,2.64
2026-03-13T00:30:00Z,Grêmio,Bragantino-SP,betonlineag,2.02,3.91,3.34,0.49504950495049505,0.2557544757033248,0.29940119760479045,1.0502051782586102,0.4714,0.2435,0.2851,5.02
2026-03-13T00:30:00Z,Grêmio,Bragantino-SP,gtbets,2.01,3.54,3.56,0.49751243781094534,0.2824858757062147,0.2808988764044944,1.0608971899216544,0.469,0.2663,0.2648,6.09
2026-03-14T21:30:00Z,Vitoria,Atletico Mineiro,onexbet,2.73,3.33,2.67,0.3663003663003663,0.3003003003003003,0.37453183520599254,1.041132501806659,0.3518,0.2884,0.3597,4.11
2026-03-14T21:30:00Z,Vitoria,Atletico Mineiro,parionssport_fr,2.45,3.0,2.35,0.4081632653061224,0.3333333333333333,0.425531914893617,1.1670285135330727,0.3497,0.2856,0.3646,16.7
2026-03-14T21:30:00Z,Vitoria,Atletico Mineiro,winamax_de,2.4,3.15,2.4,0.4166666666666667,0.31746031746031744,0.4166666666666667,1.150793650793651,0.3621,0.2759,0.3621,15.08
2026-03-14T21:30:00Z,Vitoria,Atletico Mineiro,winamax_fr,2.35,3.0,2.3,0.425531914893617,0.3333333333333333,0.4347826086956522,1.1936478569226026,0.3565,0.2793,0.3642,19.36
2026-03-14T21:30:00Z,Vitoria,Atletico Mineiro,unibet_fr,2.42,3.0,2.3,0.4132231404958678,0.3333333333333333,0.4347826086956522,1.1813390825248533,0.3498,0.2822,0.368,18.13
2026-03-14T21:30:00Z,Vitoria,Atletico Mineiro,sport888,2.62,3.1,2.5,0.38167938931297707,0.3225806451612903,0.4,1.1042600344742675,0.3456,0.2921,0.3622,10.43
2026-03-14T21:30:00Z,Vitoria,Atletico Mineiro,williamhill,2.62,3.1,2.5,0.38167938931297707,0.3225806451612903,0.4,1.1042600344742675,0.3456,0.2921,0.3622,10.43
2026-03-14T21:30:00Z,Vitoria,Atletico Mineiro,marathonbet,2.65,3.24,2.59,0.37735849056603776,0.30864197530864196,0.3861003861003861,1.0721008519750659,0.352,0.2879,0.3601,7.21
2026-03-14T21:30:00Z,Vitoria,Atletico Mineiro,nordicbet,2.68,3.25,2.58,0.3731343283582089,0.3076923076923077,0.38759689922480617,1.0684235352753229,0.3492,0.288,0.3628,6.84
2026-03-14T21:30:00Z,Vitoria,Atletico Mineiro,betsson,2.68,3.25,2.58,0.3731343283582089,0.3076923076923077,0.38759689922480617,1.0684235352753229,0.3492,0.288,0.3628,6.84
2026-03-14T21:30:00Z,Vitoria,Atletico Mineiro,betclic_fr,2.5,3.12,2.38,0.4,0.3205128205128205,0.42016806722689076,1.1406808877397112,0.3507,0.281,0.3683,14.07
2026-03-14T21:30:00Z,Vitoria,Atletico Mineiro,unibet_nl,2.7,3.25,2.6,0.37037037037037035,0.3076923076923077,0.3846153846153846,1.0626780626780628,0.3485,0.2895,0.3619,6.27
2026-03-14T21:30:00Z,Vitoria,Atletico Mineiro,unibet_se,2.7,3.25,2.6,0.37037037037037035,0.3076923076923077,0.3846153846153846,1.0626780626780628,0.3485,0.2895,0.3619,6.27
2026-03-14T21:30:00Z,Vitoria,Atletico Mineiro,leovegas_se,2.65,3.2,2.55,0.37735849056603776,0.3125,0.3921568627450981,1.0820153533111359,0.3488,0.2888,0.3624,8.2
2026-03-14T21:30:00Z,Vitoria,Atletico Mineiro,gtbets,2.65,3.31,2.63,0.37735849056603776,0.3021148036253776,0.3802281368821293,1.0597014310735449,0.3561,0.2851,0.3588,5.97
2026-03-14T23:30:00Z,Botafogo,Flamengo,sport888,3.4,3.1,2.1,0.29411764705882354,0.3225806451612903,0.47619047619047616,1.0928887684105901,0.2691,0.2952,0.4357,9.29
2026-03-14T23:30:00Z,Botafogo,Flamengo,parionssport_fr,3.2,3.0,1.92,0.3125,0.3333333333333333,0.5208333333333334,1.1666666666666665,0.2679,0.2857,0.4464,16.67
2026-03-14T23:30:00Z,Botafogo,Flamengo,winamax_de,3.2,3.1,1.96,0.3125,0.3225806451612903,0.5102040816326531,1.1452847267939434,0.2729,0.2817,0.4455,14.53
2026-03-14T23:30:00Z,Botafogo,Flamengo,pmu_fr,3.05,3.0,1.85,0.3278688524590164,0.3333333333333333,0.5405405405405405,1.2017427263328901,0.2728,0.2774,0.4498,20.17
2026-03-14T23:30:00Z,Botafogo,Flamengo,winamax_fr,3.05,3.0,1.9,0.3278688524590164,0.3333333333333333,0.5263157894736842,1.1875179752660339,0.2761,0.2807,0.4432,18.75
2026-03-14T23:30:00Z,Botafogo,Flamengo,unibet_fr,3.18,2.98,1.89,0.31446540880503143,0.33557046979865773,0.5291005291005292,1.1791364077042183,0.2667,0.2846,0.4487,17.91
2026-03-14T23:30:00Z,Botafogo,Flamengo,williamhill,3.4,3.1,2.1,0.29411764705882354,0.3225806451612903,0.47619047619047616,1.0928887684105901,0.2691,0.2952,0.4357,9.29
2026-03-14T23:30:00Z,Botafogo,Flamengo,onexbet,3.56,3.38,2.15,0.2808988764044944,0.2958579881656805,0.46511627906976744,1.0418731436399422,0.2696,0.284,0.4464,4.19
2026-03-14T23:30:00Z,Botafogo,Flamengo,marathonbet,3.46,3.28,2.09,0.28901734104046245,0.3048780487804878,0.47846889952153115,1.0723642893424814,0.2695,0.2843,0.4462,7.24
2026-03-14T23:30:00Z,Botafogo,Flamengo,nordicbet,3.35,3.35,2.08,0.29850746268656714,0.29850746268656714,0.4807692307692307,1.0777841561423651,0.277,0.277,0.4461,7.78
2026-03-14T23:30:00Z,Botafogo,Flamengo,betsson,3.35,3.35,2.08,0.29850746268656714,0.29850746268656714,0.4807692307692307,1.0777841561423651,0.277,0.277,0.4461,7.78
2026-03-14T23:30:00Z,Botafogo,Flamengo,betclic_fr,3.3,3.08,1.95,0.30303030303030304,0.3246753246753247,0.5128205128205129,1.1405261405261404,0.2657,0.2847,0.4496,14.05
2026-03-14T23:30:00Z,Botafogo,Flamengo,unibet_nl,3.55,3.4,2.06,0.28169014084507044,0.29411764705882354,0.4854368932038835,1.0612446811077776,0.2654,0.2771,0.4574,6.12
2026-03-14T23:30:00Z,Botafogo,Flamengo,unibet_se,3.55,3.4,2.06,0.28169014084507044,0.29411764705882354,0.4854368932038835,1.0612446811077776,0.2654,0.2771,0.4574,6.12
2026-03-14T23:30:00Z,Botafogo,Flamengo,leovegas_se,3.45,3.35,2.02,0.2898550724637681,0.29850746268656714,0.49504950495049505,1.0834120401008303,0.2675,0.2755,0.4569,8.34
2026-03-14T23:30:00Z,Botafogo,Flamengo,gtbets,3.55,3.25,2.12,0.28169014084507044,0.3076923076923077,0.4716981132075471,1.0610805617449253,0.2655,0.29,0.4445,6.11
2026-03-15T19:00:00Z,Fluminense,Atletico Paranaense,onexbet,1.75,3.65,5.09,0.5714285714285714,0.273972602739726,0.19646365422396858,1.041864828392266,0.5485,0.263,0.1886,4.19
2026-03-15T19:00:00Z,Fluminense,Atletico Paranaense,unibet_fr,1.55,3.18,4.55,0.6451612903225806,0.31446540880503143,0.21978021978021978,1.1794069189078318,0.547,0.2666,0.1863,17.94
2026-03-15T19:00:00Z,Fluminense,Atletico Paranaense,parionssport_fr,1.57,3.2,4.6,0.6369426751592356,0.3125,0.2173913043478261,1.1668339795070617,0.5459,0.2678,0.1863,16.68
2026-03-15T19:00:00Z,Fluminense,Atletico Paranaense,winamax_de,1.6,3.35,4.5,0.625,0.29850746268656714,0.2222222222222222,1.1457296849087895,0.5455,0.2605,0.194,14.57
2026-03-15T19:00:00Z,Fluminense,Atletico Paranaense,winamax_fr,1.56,3.2,4.3,0.641025641025641,0.3125,0.23255813953488372,1.1860837805605247,0.5405,0.2635,0.1961,18.61
2026-03-15T19:00:00Z,Fluminense,Atletico Paranaense,sport888,1.73,3.4,4.8,0.5780346820809249,0.29411764705882354,0.20833333333333334,1.0804856624730816,0.535,0.2722,0.1928,8.05
2026-03-15T19:00:00Z,Fluminense,Atletico Paranaense,williamhill,1.73,3.4,4.8,0.5780346820809249,0.29411764705882354,0.20833333333333334,1.0804856624730816,0.535,0.2722,0.1928,8.05
2026-03-15T19:00:00Z,Fluminense,Atletico Paranaense,marathonbet,1.7,3.55,4.95,0.5882352941176471,0.28169014084507044,0.20202020202020202,1.0719456369829194,0.5488,0.2628,0.1885,7.19
2026-03-15T19:00:00Z,Fluminense,Atletico Paranaense,nordicbet,1.72,3.55,4.7,0.5813953488372093,0.28169014084507044,0.2127659574468085,1.0758514471290883,0.5404,0.2618,0.1978,7.59
2026-03-15T19:00:00Z,Fluminense,Atletico Paranaense,betsson,1.72,3.55,4.7,0.5813953488372093,0.28169014084507044,0.2127659574468085,1.0758514471290883,0.5404,0.2618,0.1978,7.59
2026-03-15T19:00:00Z,Fluminense,Atletico Paranaense,betclic_fr,1.59,3.32,4.75,0.6289308176100629,0.30120481927710846,0.21052631578947367,1.140661952676645,0.5514,0.2641,0.1846,14.07
2026-03-15T19:00:00Z,Fluminense,Atletico Paranaense,unibet_nl,1.7,3.65,5.0,0.5882352941176471,0.273972602739726,0.2,1.0622078968573732,0.5538,0.2579,0.1883,6.22
2026-03-15T19:00:00Z,Fluminense,Atletico Paranaense,unibet_se,1.7,3.65,5.0,0.5882352941176471,0.273972602739726,0.2,1.0622078968573732,0.5538,0.2579,0.1883,6.22
2026-03-15T19:00:00Z,Fluminense,Atletico Paranaense,leovegas_se,1.67,3.6,5.0,0.5988023952095809,0.2777777777777778,0.2,1.0765801729873588,0.5562,0.258,0.1858,7.66
2026-03-15T19:00:00Z,Internacional,Bahia,parionssport_fr,1.97,3.0,3.1,0.5076142131979695,0.3333333333333333,0.3225806451612903,1.163528191692593,0.4363,0.2865,0.2772,16.35
2026-03-15T19:00:00Z,Internacional,Bahia,winamax_de,2.0,3.1,3.05,0.5,0.3225806451612903,0.3278688524590164,1.1504494976203068,0.4346,0.2804,0.285,15.04
2026-03-15T19:00:00Z,Internacional,Bahia,winamax_fr,1.94,3.0,2.95,0.5154639175257733,0.3333333333333333,0.3389830508474576,1.1877803017065642,0.434,0.2806,0.2854,18.78
2026-03-15T19:00:00Z,Internacional,Bahia,unibet_fr,1.93,2.98,3.05,0.5181347150259068,0.33557046979865773,0.3278688524590164,1.181574037283581,0.4385,0.284,0.2775,18.16
2026-03-15T19:00:00Z,Internacional,Bahia,onexbet,2.21,3.35,3.44,0.45248868778280543,0.29850746268656714,0.29069767441860467,1.0416938248879772,0.4344,0.2866,0.2791,4.17
2026-03-15T19:00:00Z,Internacional,Bahia,sport888,2.15,3.1,3.3,0.46511627906976744,0.3225806451612903,0.30303030303030304,1.0907272272613608,0.4264,0.2957,0.2778,9.07
2026-03-15T19:00:00Z,Internacional,Bahia,williamhill,2.15,3.1,3.3,0.46511627906976744,0.3225806451612903,0.30303030303030304,1.0907272272613608,0.4264,0.2957,0.2778,9.07
2026-03-15T19:00:00Z,Internacional,Bahia,marathonbet,2.15,3.26,3.34,0.46511627906976744,0.3067484662576687,0.29940119760479045,1.0712659429322264,0.4342,0.2863,0.2795,7.13
2026-03-15T19:00:00Z,Internacional,Bahia,nordicbet,2.18,3.25,3.25,0.4587155963302752,0.3076923076923077,0.3076923076923077,1.0741002117148906,0.4271,0.2865,0.2865,7.41
2026-03-15T19:00:00Z,Internacional,Bahia,betsson,2.18,3.25,3.25,0.4587155963302752,0.3076923076923077,0.3076923076923077,1.0741002117148906,0.4271,0.2865,0.2865,7.41
2026-03-15T19:00:00Z,Internacional,Bahia,betclic_fr,2.0,3.08,3.17,0.5,0.3246753246753247,0.31545741324921134,1.140132737924536,0.4385,0.2848,0.2767,14.01
2026-03-15T19:00:00Z,Internacional,Bahia,unibet_nl,2.1,3.3,3.5,0.47619047619047616,0.30303030303030304,0.2857142857142857,1.064935064935065,0.4472,0.2846,0.2683,6.49
2026-03-15T19:00:00Z,Internacional,Bahia,leovegas_se,2.07,3.25,3.4,0.48309178743961356,0.3076923076923077,0.29411764705882354,1.0849017421907448,0.4453,0.2836,0.2711,8.49
2026-03-15T19:00:00Z,Internacional,Bahia,unibet_se,2.1,3.3,3.5,0.47619047619047616,0.30303030303030304,0.2857142857142857,1.064935064935065,0.4472,0.2846,0.2683,6.49
2026-03-15T19:00:00Z,Santos,Corinthians,unibet_fr,2.01,2.88,2.98,0.49751243781094534,0.3472222222222222,0.33557046979865773,1.1803051298318252,0.4215,0.2942,0.2843,18.03
2026-03-15T19:00:00Z,Santos,Corinthians,winamax_de,2.05,3.0,3.0,0.48780487804878053,0.3333333333333333,0.3333333333333333,1.1544715447154472,0.4225,0.2887,0.2887,15.45
2026-03-15T19:00:00Z,Santos,Corinthians,parionssport_fr,2.05,2.95,3.0,0.48780487804878053,0.3389830508474576,0.3333333333333333,1.1601212622295713,0.4205,0.2922,0.2873,16.01
2026-03-15T19:00:00Z,Santos,Corinthians,winamax_fr,2.0,2.9,2.85,0.5,0.3448275862068966,0.3508771929824561,1.1957047791893527,0.4182,0.2884,0.2934,19.57
2026-03-15T19:00:00Z,Santos,Corinthians,onexbet,2.31,3.27,3.29,0.4329004329004329,0.3058103975535168,0.303951367781155,1.0426621982351048,0.4152,0.2933,0.2915,4.27
2026-03-15T19:00:00Z,Santos,Corinthians,sport888,2.25,3.0,3.1,0.4444444444444444,0.3333333333333333,0.3225806451612903,1.100358422939068,0.4039,0.3029,0.2932,10.04
2026-03-15T19:00:00Z,Santos,Corinthians,williamhill,2.25,3.0,3.1,0.4444444444444444,0.3333333333333333,0.3225806451612903,1.100358422939068,0.4039,0.3029,0.2932,10.04
2026-03-15T19:00:00Z,Santos,Corinthians,marathonbet,2.25,3.18,3.2,0.4444444444444444,0.31446540880503143,0.3125,1.0714098532494758,0.4148,0.2935,0.2917,7.14
2026-03-15T19:00:00Z,Santos,Corinthians,nordicbet,2.32,3.15,3.05,0.4310344827586207,0.31746031746031744,0.3278688524590164,1.0763636526779545,0.4005,0.2949,0.3046,7.64
2026-03-15T19:00:00Z,Santos,Corinthians,betsson,2.32,3.15,3.05,0.4310344827586207,0.31746031746031744,0.3278688524590164,1.0763636526779545,0.4005,0.2949,0.3046,7.64
2026-03-15T19:00:00Z,Santos,Corinthians,betclic_fr,2.08,2.98,3.08,0.4807692307692307,0.33557046979865773,0.3246753246753247,1.1410150252432132,0.4214,0.2941,0.2845,14.1
2026-03-15T19:00:00Z,Santos,Corinthians,unibet_nl,2.23,3.25,3.25,0.4484304932735426,0.3076923076923077,0.3076923076923077,1.063815108658158,0.4215,0.2892,0.2892,6.38
2026-03-15T19:00:00Z,Santos,Corinthians,unibet_se,2.23,3.25,3.25,0.4484304932735426,0.3076923076923077,0.3076923076923077,1.063815108658158,0.4215,0.2892,0.2892,6.38
2026-03-15T19:00:00Z,Santos,Corinthians,leovegas_se,2.2,3.2,3.2,0.45454545454545453,0.3125,0.3125,1.0795454545454546,0.4211,0.2895,0.2895,7.95
2026-03-15T21:30:00Z,Coritiba,Remo,parionssport_fr,1.65,3.0,4.5,0.6060606060606061,0.3333333333333333,0.2222222222222222,1.1616161616161618,0.5217,0.287,0.1913,16.16
2026-03-15T21:30:00Z,Coritiba,Remo,winamax_de,1.68,3.1,4.3,0.5952380952380952,0.3225806451612903,0.23255813953488372,1.1503768799342693,0.5174,0.2804,0.2022,15.04
2026-03-15T21:30:00Z,Coritiba,Remo,winamax_fr,1.62,3.0,4.1,0.6172839506172839,0.3333333333333333,0.24390243902439027,1.1945197229750075,0.5168,0.2791,0.2042,19.45
2026-03-15T21:30:00Z,Coritiba,Remo,onexbet,1.82,3.35,5.14,0.5494505494505494,0.29850746268656714,0.19455252918287938,1.042510541319996,0.527,0.2863,0.1866,4.25
2026-03-15T21:30:00Z,Coritiba,Remo,sport888,1.75,3.1,4.8,0.5714285714285714,0.3225806451612903,0.20833333333333334,1.102342549923195,0.5184,0.2926,0.189,10.23
2026-03-15T21:30:00Z,Coritiba,Remo,williamhill,1.75,3.1,4.8,0.5714285714285714,0.3225806451612903,0.20833333333333334,1.102342549923195,0.5184,0.2926,0.189,10.23
2026-03-15T21:30:00Z,Coritiba,Remo,marathonbet,1.77,3.25,5.0,0.5649717514124294,0.3076923076923077,0.2,1.0726640591047372,0.5267,0.2868,0.1865,7.27
2026-03-15T21:30:00Z,Coritiba,Remo,nordicbet,1.82,3.2,4.7,0.5494505494505494,0.3125,0.2127659574468085,1.0747165068973579,0.5113,0.2908,0.198,7.47
2026-03-15T21:30:00Z,Coritiba,Remo,betsson,1.82,3.2,4.7,0.5494505494505494,0.3125,0.2127659574468085,1.0747165068973579,0.5113,0.2908,0.198,7.47
2026-03-15T21:30:00Z,Coritiba,Remo,betclic_fr,1.67,3.08,4.6,0.5988023952095809,0.3246753246753247,0.2173913043478261,1.1408690242327317,0.5249,0.2846,0.1905,14.09
2026-03-15T21:30:00Z,Coritiba,Remo,unibet_nl,1.73,3.45,5.1,0.5780346820809249,0.2898550724637681,0.19607843137254904,1.063968185917242,0.5433,0.2724,0.1843,6.4
2026-03-15T21:30:00Z,Coritiba,Remo,leovegas_se,1.7,3.4,5.0,0.5882352941176471,0.29411764705882354,0.2,1.0823529411764705,0.5435,0.2717,0.1848,8.24
2026-03-15T21:30:00Z,Coritiba,Remo,unibet_se,1.73,3.45,5.1,0.5780346820809249,0.2898550724637681,0.19607843137254904,1.063968185917242,0.5433,0.2724,0.1843,6.4
2026-03-15T21:30:00Z,Coritiba,Remo,unibet_fr,1.62,2.98,4.4,0.6172839506172839,0.33557046979865773,0.22727272727272727,1.180127147688669,0.5231,0.2844,0.1926,18.01
2026-03-15T21:30:00Z,Palmeiras,Mirassol,parionssport_fr,1.34,4.0,6.1,0.7462686567164178,0.25,0.1639344262295082,1.160203082945926,0.6432,0.2155,0.1413,16.02
2026-03-15T21:30:00Z,Palmeiras,Mirassol,winamax_de,1.35,4.2,5.9,0.7407407407407407,0.23809523809523808,0.1694915254237288,1.1483275042597076,0.6451,0.2073,0.1476,14.83
2026-03-15T21:30:00Z,Palmeiras,Mirassol,winamax_fr,1.32,4.0,5.5,0.7575757575757576,0.25,0.18181818181818182,1.1893939393939394,0.6369,0.2102,0.1529,18.94
2026-03-15T21:30:00Z,Palmeiras,Mirassol,onexbet,1.48,4.38,7.2,0.6756756756756757,0.22831050228310504,0.1388888888888889,1.0428750668476696,0.6479,0.2189,0.1332,4.29
2026-03-15T21:30:00Z,Palmeiras,Mirassol,sport888,1.44,4.0,6.5,0.6944444444444444,0.25,0.15384615384615385,1.0982905982905984,0.6323,0.2276,0.1401,9.83
2026-03-15T21:30:00Z,Palmeiras,Mirassol,williamhill,1.44,4.0,6.5,0.6944444444444444,0.25,0.15384615384615385,1.0982905982905984,0.6323,0.2276,0.1401,9.83
2026-03-15T21:30:00Z,Palmeiras,Mirassol,marathonbet,1.44,4.25,7.0,0.6944444444444444,0.23529411764705882,0.14285714285714285,1.072595704948646,0.6474,0.2194,0.1332,7.26
2026-03-15T21:30:00Z,Palmeiras,Mirassol,nordicbet,1.49,4.15,6.4,0.6711409395973155,0.24096385542168672,0.15625,1.0683547950190022,0.6282,0.2255,0.1463,6.84
2026-03-15T21:30:00Z,Palmeiras,Mirassol,betsson,1.49,4.15,6.4,0.6711409395973155,0.24096385542168672,0.15625,1.0683547950190022,0.6282,0.2255,0.1463,6.84
2026-03-15T21:30:00Z,Palmeiras,Mirassol,betclic_fr,1.35,4.2,6.25,0.7407407407407407,0.23809523809523808,0.16,1.1388359788359788,0.6504,0.2091,0.1405,13.88
2026-03-15T21:30:00Z,Palmeiras,Mirassol,leovegas_se,1.4,4.5,7.0,0.7142857142857143,0.2222222222222222,0.14285714285714285,1.0793650793650793,0.6618,0.2059,0.1324,7.94
2026-03-15T21:30:00Z,Palmeiras,Mirassol,unibet_se,1.42,4.6,7.0,0.7042253521126761,0.2173913043478261,0.14285714285714285,1.064473799317645,0.6616,0.2042,0.1342,6.45
2026-03-15T21:30:00Z,Palmeiras,Mirassol,unibet_nl,1.42,4.6,7.0,0.7042253521126761,0.2173913043478261,0.14285714285714285,1.064473799317645,0.6616,0.2042,0.1342,6.45
2026-03-15T23:30:00Z,Bragantino-SP,Sao Paulo,parionssport_fr,2.25,2.9,2.7,0.4444444444444444,0.3448275862068966,0.37037037037037035,1.1596424010217112,0.3833,0.2974,0.3194,15.96
2026-03-15T23:30:00Z,Bragantino-SP,Sao Paulo,winamax_de,2.3,2.95,2.65,0.4347826086956522,0.3389830508474576,0.37735849056603776,1.1511241501091476,0.3777,0.2945,0.3278,15.11
2026-03-15T23:30:00Z,Bragantino-SP,Sao Paulo,winamax_fr,2.2,2.85,2.55,0.45454545454545453,0.3508771929824561,0.3921568627450981,1.197579510273009,0.3796,0.293,0.3275,19.76
2026-03-15T23:30:00Z,Bragantino-SP,Sao Paulo,onexbet,2.58,3.14,2.98,0.38759689922480617,0.3184713375796178,0.33557046979865773,1.0416387066030817,0.3721,0.3057,0.3222,4.16
2026-03-15T23:30:00Z,Bragantino-SP,Sao Paulo,sport888,2.5,2.9,2.88,0.4,0.3448275862068966,0.3472222222222222,1.0920498084291188,0.3663,0.3158,0.318,9.2
2026-03-15T23:30:00Z,Bragantino-SP,Sao Paulo,williamhill,2.5,2.9,2.88,0.4,0.3448275862068966,0.3472222222222222,1.0920498084291188,0.3663,0.3158,0.318,9.2
2026-03-15T23:30:00Z,Bragantino-SP,Sao Paulo,marathonbet,2.51,3.05,2.89,0.39840637450199207,0.3278688524590164,0.3460207612456747,1.0722959882066831,0.3715,0.3058,0.3227,7.23
2026-03-15T23:30:00Z,Bragantino-SP,Sao Paulo,nordicbet,2.52,3.05,2.88,0.3968253968253968,0.3278688524590164,0.3472222222222222,1.0719164715066354,0.3702,0.3059,0.3239,7.19
2026-03-15T23:30:00Z,Bragantino-SP,Sao Paulo,betsson,2.52,3.05,2.88,0.3968253968253968,0.3278688524590164,0.3472222222222222,1.0719164715066354,0.3702,0.3059,0.3239,7.19
2026-03-15T23:30:00Z,Bragantino-SP,Sao Paulo,betclic_fr,2.3,2.93,2.73,0.4347826086956522,0.341296928327645,0.3663003663003663,1.1423799033236635,0.3806,0.2988,0.3206,14.24
2026-03-15T23:30:00Z,Bragantino-SP,Sao Paulo,leovegas_se,2.35,3.2,2.9,0.425531914893617,0.3125,0.3448275862068966,1.0828595011005135,0.393,0.2886,0.3184,8.29
2026-03-15T23:30:00Z,Bragantino-SP,Sao Paulo,unibet_se,2.4,3.25,2.95,0.4166666666666667,0.3076923076923077,0.3389830508474576,1.063342025206432,0.3918,0.2894,0.3188,6.33
2026-03-15T23:30:00Z,Bragantino-SP,Sao Paulo,unibet_nl,2.4,3.25,2.95,0.4166666666666667,0.3076923076923077,0.3389830508474576,1.063342025206432,0.3918,0.2894,0.3188,6.33
2026-03-15T23:30:00Z,Cruzeiro,Vasco da Gama,winamax_de,1.54,3.55,4.6,0.6493506493506493,0.28169014084507044,0.2173913043478261,1.148432094543546,0.5654,0.2453,0.1893,14.84
2026-03-15T23:30:00Z,Cruzeiro,Vasco da Gama,parionssport_fr,1.53,3.4,4.7,0.6535947712418301,0.29411764705882354,0.2127659574468085,1.1604783757474622,0.5632,0.2534,0.1833,16.05
2026-03-15T23:30:00Z,Cruzeiro,Vasco da Gama,winamax_fr,1.5,3.35,4.3,0.6666666666666666,0.29850746268656714,0.23255813953488372,1.1977322688881176,0.5566,0.2492,0.1942,19.77
2026-03-15T23:30:00Z,Cruzeiro,Vasco da Gama,onexbet,1.68,3.79,5.5,0.5952380952380952,0.2638522427440633,0.18181818181818182,1.0409085198003405,0.5718,0.2535,0.1747,4.09
2026-03-15T23:30:00Z,Cruzeiro,Vasco da Gama,sport888,1.65,3.5,5.0,0.6060606060606061,0.2857142857142857,0.2,1.0917748917748917,0.5551,0.2617,0.1832,9.18
2026-03-15T23:30:00Z,Cruzeiro,Vasco da Gama,williamhill,1.65,3.5,5.0,0.6060606060606061,0.2857142857142857,0.2,1.0917748917748917,0.5551,0.2617,0.1832,9.18
2026-03-15T23:30:00Z,Cruzeiro,Vasco da Gama,marathonbet,1.63,3.68,5.35,0.6134969325153374,0.2717391304347826,0.1869158878504673,1.0721519508005874,0.5722,0.2535,0.1743,7.22
2026-03-15T23:30:00Z,Cruzeiro,Vasco da Gama,nordicbet,1.68,3.7,4.95,0.5952380952380952,0.27027027027027023,0.20202020202020202,1.0675285675285675,0.5576,0.2532,0.1892,6.75
2026-03-15T23:30:00Z,Cruzeiro,Vasco da Gama,betsson,1.68,3.7,4.95,0.5952380952380952,0.27027027027027023,0.20202020202020202,1.0675285675285675,0.5576,0.2532,0.1892,6.75
2026-03-15T23:30:00Z,Cruzeiro,Vasco da Gama,betclic_fr,1.55,3.48,4.85,0.6451612903225806,0.28735632183908044,0.2061855670103093,1.1387031791719704,0.5666,0.2524,0.1811,13.87
2026-03-15T23:30:00Z,Cruzeiro,Vasco da Gama,leovegas_se,1.62,3.6,5.4,0.6172839506172839,0.2777777777777778,0.18518518518518517,1.0802469135802468,0.5714,0.2571,0.1714,8.02
2026-03-15T23:30:00Z,Cruzeiro,Vasco da Gama,unibet_se,1.65,3.65,5.4,0.6060606060606061,0.273972602739726,0.18518518518518517,1.0652183939855173,0.569,0.2572,0.1738,6.52
2026-03-15T23:30:00Z,Cruzeiro,Vasco da Gama,unibet_nl,1.65,3.65,5.4,0.6060606060606061,0.273972602739726,0.18518518518518517,1.0652183939855173,0.569,0.2572,0.1738,6.52
2026-03-16T23:00:00Z,Chapecoense,Grêmio,winamax_de,2.65,3.1,2.25,0.37735849056603776,0.3225806451612903,0.4444444444444444,1.1443835801717726,0.3297,0.2819,0.3884,14.44
2026-03-16T23:00:00Z,Chapecoense,Grêmio,parionssport_fr,2.7,3.0,2.2,0.37037037037037035,0.3333333333333333,0.45454545454545453,1.1582491582491583,0.3198,0.2878,0.3924,15.82
2026-03-16T23:00:00Z,Chapecoense,Grêmio,winamax_fr,2.55,2.95,2.15,0.3921568627450981,0.3389830508474576,0.46511627906976744,1.1962561926623232,0.3278,0.2834,0.3888,19.63
2026-03-16T23:00:00Z,Chapecoense,Grêmio,onexbet,2.98,3.24,2.51,0.33557046979865773,0.30864197530864196,0.39840637450199207,1.0426188196092918,0.3219,0.296,0.3821,4.26
2026-03-16T23:00:00Z,Chapecoense,Grêmio,sport888,2.9,3.0,2.4,0.3448275862068966,0.3333333333333333,0.4166666666666667,1.0948275862068966,0.315,0.3045,0.3806,9.48
2026-03-16T23:00:00Z,Chapecoense,Grêmio,williamhill,2.9,3.0,2.4,0.3448275862068966,0.3333333333333333,0.4166666666666667,1.0948275862068966,0.315,0.3045,0.3806,9.48
2026-03-16T23:00:00Z,Chapecoense,Grêmio,marathonbet,2.9,3.15,2.44,0.3448275862068966,0.31746031746031744,0.4098360655737705,1.0721239692409845,0.3216,0.2961,0.3823,7.21
2026-03-16T23:00:00Z,Chapecoense,Grêmio,betclic_fr,2.68,3.0,2.2,0.3731343283582089,0.3333333333333333,0.45454545454545453,1.1610131162369968,0.3214,0.2871,0.3915,16.1
2026-03-16T23:00:00Z,Chapecoense,Grêmio,leovegas_se,2.88,3.2,2.38,0.3472222222222222,0.3125,0.42016806722689076,1.079890289449113,0.3215,0.2894,0.3891,7.99
2026-03-16T23:00:00Z,Chapecoense,Grêmio,unibet_se,2.95,3.25,2.4,0.3389830508474576,0.3076923076923077,0.4166666666666667,1.063342025206432,0.3188,0.2894,0.3918,6.33
2026-03-16T23:00:00Z,Chapecoense,Grêmio,unibet_nl,2.95,3.25,2.4,0.3389830508474576,0.3076923076923077,0.4166666666666667,1.063342025206432,0.3188,0.2894,0.3918,6.33
